154,153,155,156,152,157,151,599,600,601,598,602,158,597,603,159,150,604,596,160,605,595,350,223,224,161,149,222,225,351,349
101638,101599,101214,100790,101376,100907,100982,80308,80436,80261,80565,79828,100424,80322,79988,100370,100484,79829,80254,100027,79694,79964,82408,89601,89345,99612,100490,89423,89473,82035,82582
413543,415990,411106,407816,417720,404455,421735,389028,389859,392147,389644,394902,401517,390118,400191,398397,426453,406794,390396,396289,418801,390432,335222,316892,315546,392752,432597,318564,313963,331202,340769
335824,334893,335977,338314,333090,338418,331291,308930,312079,315051,306876,319031,340336,304665,324336,339870,329375,329282,303034,338640,335771,302112,296370,260869,260429,338933,328115,260700,260855,292188,300164
114378,113720,113598,113492,113660,112959,112551,103756,103797,104112,103589,103919,113051,103414,103963,112413,111334,104457,103132,112015,104554,102635,100486,98490,98844,111859,110289,98373,98468,99681,101548
183126,182623,183122,182472,182550,182057,182491,228245,228993,228782,228750,229165,181627,227561,228574,181980,182340,228794,226773,181538,228903,227392,197483,186498,187014,181602,182392,185971,187022,197977,197679
97743,98161,97593,97631,98597,97219,98631,231437,231255,230237,232376,231045,97251,232654,230571,97385,98763,230601,233030,97518,230762,233677,146219,106962,107234,97229,99125,106442,107690,147433,145393
340374,338954,340139,338892,336281,337679,332565,478765,480621,479791,477747,479661,336359,475942,479229,336417,330281,478018,473832,335208,476990,472443,392177,352675,353570,333974,327154,350641,355183,392730,392155
327514,325743,327292,324864,324012,323305,319391,460480,461582,461452,458116,460975,323224,457127,460477,322490,316861,458831,455239,321081,457721,453507,376510,337950,339185,319847,314082,336580,340223,376245,376961
62405,62678,62076,61654,62720,61655,62691,58191,57965,58043,58228,57898,61382,58203,57585,61142,62356,57541,58201,60963,57461,57979,57034,59573,59573,60953,62060,59601,59612,56712,57155
97419,97629,97606,97461,97752,97546,97699,234813,233891,233452,235038,234195,97576,235543,233672,97534,97711,233190,235242,97695,233254,236659,149061,108577,108567,97795,98080,107997,108957,150018,148008
84318,84856,84302,84290,85361,83668,85435,65679,65787,65726,65783,65707,83782,65676,65824,83701,85772,65836,65691,83384,65699,65756,67626,75569,75597,83037,85912,75828,76109,67621,67654
109887,109435,109121,109625,108866,109584,108429,91826,91904,91930,91647,92366,109822,91480,92390,109637,107737,92932,90917,109719,93397,90691,94060,94812,94567,109668,107157,94739,94892,93593,94266
108740,108964,108127,107858,108424,107311,107837,105637,105188,105275,105808,105152,107120,105481,104930,106798,106982,104585,105027,106427,104094,104682,95799,97823,98120,106200,106013,97530,97989,95433,96264
409802,409430,410022,410899,407947,409712,408041,560773,560407,560406,560928,561748,409589,560949,560961,411056,407104,560717,559324,410675,561643,560506,486055,436174,437400,411284,407645,435228,437630,486880,484956
258361,257086,258045,257126,253965,255819,252104,356619,357352,357533,356023,357201,254281,356723,356404,253590,249338,356348,353599,253836,355007,353089,294195,261128,261968,252643,247403,260726,264005,293214,293365
235445,234907,235327,235383,234183,235542,233549,307918,307976,307859,307624,308278,235823,307543,308620,236135,232785,309377,306902,235812,309150,307321,261063,242011,242472,234932,231915,241067,242616,260690,261047
410239,410148,410797,411253,408924,410342,408745,522411,522521,523398,522698,524107,411575,523090,524954,411232,407530,524215,521339,410689,524897,521845,474429,433304,434118,411788,406491,431125,434938,475068,473958
87918,87940,87823,87783,88107,87564,87838,211347,211275,211026,212660,210577,87535,212848,210612,87671,88197,210682,213547,87687,210232,214543,133417,96735,97094,87731,88162,96358,97422,134690,132144
287823,285478,287974,285852,283128,284422,280208,421525,423027,423066,421731,422214,284210,419436,422892,284457,277858,422176,418793,282633,421055,418221,340617,296144,298183,281227,275772,295583,299348,340367,340770
540067,540351,538907,538958,542246,538126,541973,609851,611455,611501,609119,612085,537788,608023,611451,537108,544290,610502,606375,537797,610188,605495,543616,530592,532679,536720,543104,527622,534001,546114,541272
240605,240262,240306,239886,239323,240269,239673,305378,306040,306170,305315,306911,239756,305487,307229,239917,239072,306335,305326,239517,305849,305262,270113,246729,247008,239697,239037,245460,247651,270028,269994
241469,242352,241281,241525,243804,240745,243987,304808,304121,304107,304077,303899,240263,303693,302714,239725,244741,302895,304503,239489,302880,304023,265083,243523,243490,239612,243755,242921,243730,265599,265353
61192,61172,61160,61308,61282,61064,61271,57779,57708,57737,57771,57699,61068,57824,57711,61083,61232,57604,57887,61008,57504,57706,57217,59516,59623,60923,61158,59743,59611,57289,57443
120598,120901,119847,118658,120046,117809,118402,112103,112526,111973,112171,111633,117309,111804,111574,117130,117168,111367,110974,116306,111386,110204,105968,103764,104060,115302,115371,103573,104075,104737,106764
121703,121953,122483,121873,121878,121719,120736,111630,111982,112015,111726,112346,121516,111139,112511,121232,119821,112923,110985,121366,113339,110614,106419,107321,107097,121720,118738,106553,106696,105718,106796
63608,63680,63218,62639,63866,62588,63775,60579,60594,60513,60677,60189,62495,60720,60167,62239,63320,60003,60570,62011,59874,60319,58643,60759,60851,61946,63147,60923,60873,58442,58834
179710,180487,179034,178068,179524,177385,178783,271320,271650,271272,271735,271781,176758,270896,272077,177623,176989,272178,270701,176739,272145,270284,211196,173378,173849,176888,176428,172858,174241,210420,211932
115918,116203,115326,114102,116029,113509,114174,111126,111219,110859,110930,110217,113398,110223,110685,113205,112797,110528,109714,112578,110555,109464,103664,101282,101495,112115,111126,101570,101353,103077,105074
90158,90174,90146,90419,90105,90690,90205,76110,76444,76519,76181,76599,90829,76080,76904,90724,90073,77034,75876,90578,77327,75573,77722,80515,80492,90456,89842,80727,80571,77495,78046
113558,113372,113429,113376,112784,113068,112130,98990,99092,99283,99081,99206,113120,98744,99578,112838,111622,99707,98270,112579,99925,98314,99331,98687,99153,112171,110647,99370,99255,98854,100201
115673,115737,114388,113257,115115,113202,113636,105161,104886,105018,104811,104942,112887,104645,104869,112676,112420,104666,103769,111615,104434,103255,100661,98660,98656,111432,110752,98454,98999,99569,102055
287253,290600,282400,279678,289842,276783,287522,354843,355212,354272,355883,352573,275268,354757,351608,273869,283391,349776,353694,271832,348247,351922,303186,276057,277720,270050,278289,274958,276752,302471,305386
111695,111757,112144,112606,111088,112609,110607,155506,156200,156466,155256,157542,113171,154790,158185,113397,110405,158608,154453,113741,159300,154058,118570,102567,102411,113976,109944,102736,102700,118115,119063
199800,199856,198837,198815,200906,197132,201131,241789,241830,241386,242106,242452,197338,241845,242281,197415,200362,241379,241531,196294,241612,240645,209112,200211,200775,196355,200002,199687,201046,209000,208248
219192,218698,219412,220227,218638,220696,217671,290032,290266,290296,290294,290922,220794,289173,291404,222061,217675,291901,289882,220860,291641,288858,244839,225743,226996,221045,217240,225612,226574,245283,244387
62229,62647,61984,61712,62636,61547,62681,58321,58204,58121,58232,57877,61326,58076,57589,61219,62348,57437,58124,60991,57422,57977,57057,59518,59604,60886,62047,59455,59587,56737,57101
213772,213829,214471,214414,214470,214988,213745,180313,181673,182638,179714,183650,216094,179098,185761,215333,213015,188318,178413,215271,190382,177526,179011,178330,178025,215046,212521,178123,177911,178238,180973
348981,348309,349988,350727,346219,351707,343736,328020,331949,336087,325927,341405,351971,322583,347935,351524,341289,353966,322170,352257,359790,319317,307749,269179,268494,351819,339968,267765,268941,304103,311678
111276,111757,110569,109376,111318,108284,110262,94461,94039,93785,94535,93275,108202,93882,92674,107589,108995,92239,93589,106647,91571,93748,92907,97478,97739,106027,108021,97443,97890,91821,93393
71937,72019,71929,71524,72191,71336,72717,57729,57607,57608,57605,57688,71071,57567,57582,71008,72658,57530,57710,70758,57529,57743,59761,65765,65865,70754,72833,65854,65687,59618,59841
555148,556468,555591,555851,557364,554804,558144,641537,643872,643669,640883,644269,554709,639389,643645,554001,558819,642268,637874,555285,642097,636912,568220,550966,552958,555863,557901,548529,555889,571015,564216
60097,60266,59841,59998,60182,59955,60234,56014,56030,56195,56028,56215,59912,56065,55976,59659,60177,55981,55973,59709,55813,56108,55992,58309,58504,59583,60041,58127,58312,55833,56079
247160,244841,246619,245124,242525,243684,239770,342495,342608,342973,341340,342963,242327,339268,341166,241294,237057,340175,338289,240907,339199,336991,279925,247548,248943,238941,234220,247150,249682,279563,279336
117633,117813,118043,117934,117690,117480,117415,88756,88774,88604,88525,88756,117474,88586,88332,117139,117136,87976,88529,116597,87997,88697,94487,108005,108075,116109,117386,108329,108443,94403,94832
121540,121084,121620,122505,120696,122438,120128,187571,188570,188814,188009,189726,122649,187754,190098,122628,119312,190983,186618,122847,190836,186060,135993,113635,113864,123017,118896,113482,113691,135926,136393
117919,118165,116455,114982,117792,114283,116552,100396,100151,99798,100749,99240,113770,100047,98261,113120,114864,97553,99725,112191,97311,99722,98071,102475,102862,111698,113648,102266,102568,96744,98964
121203,120628,121031,121020,119967,121509,119603,179567,180075,179801,178950,180176,121860,178667,181248,122072,118818,181502,177910,122377,182233,177246,132551,111656,112063,122446,118169,111354,111875,132118,132988
225398,225456,225661,225841,226188,226193,226456,193689,194693,195307,192949,197087,226804,191871,199071,226674,224647,201474,191359,226135,204089,190338,190985,187317,187356,225948,223948,187458,187256,189162,192097
323986,322053,323563,320307,318810,318531,313748,441364,442300,442341,439429,442240,317915,437479,440860,315921,310607,440340,437547,314451,437926,433431,363346,328619,329562,313412,307562,327136,331199,363322,363125
313793,312787,314418,312479,309641,311895,305647,494191,496265,494868,492394,495521,311108,491615,494141,310300,303383,493808,489716,309448,491812,488419,386032,329940,331412,308736,300300,328573,332361,386962,387741
112728,112438,113083,113572,112112,113740,111882,131982,131980,132648,131369,133312,114213,131000,133399,114153,111106,134607,130772,114338,135346,130403,111312,100653,100878,114627,110849,100686,100709,110890,112163
586206,589697,584076,582854,592177,581216,593305,644457,646203,646494,645242,645889,581995,644483,645216,579701,592565,642750,642525,579023,641573,641251,581517,573067,575786,578280,590656,571653,578058,583390,580987
60027,59990,59980,59918,60012,59770,60026,56159,56081,56315,56142,56021,59770,55972,56133,59748,60029,56088,56213,59845,55927,56213,56059,58177,58310,59657,60130,58362,58445,55955,56132
409802,409430,410022,410899,407947,409712,408041,560773,560407,560406,560928,561748,409589,560949,560961,411056,407104,560717,559324,410675,561643,560506,486055,436174,437400,411284,407645,435228,437630,486880,484956
74630,74684,74519,74475,74736,74391,74690,138056,137849,137995,138408,137883,74351,138340,137265,74390,75027,137611,139173,74229,137270,139513,98495,79102,79498,74174,75385,78577,79259,98862,97935
213829,213647,213689,213106,212550,214410,211971,288648,289094,288720,289061,288599,214823,287579,289007,214904,211411,289359,287396,214741,289207,287202,242389,220324,220704,214121,210201,219755,221610,243036,242793
263485,263780,263412,261349,264811,261282,265874,324126,322894,321830,324776,320686,259529,324644,319633,258611,268040,319890,324778,257979,319642,325655,286099,264864,264006,257377,270108,263877,264080,286122,285451
355497,356167,355623,355425,356938,354462,357388,279801,279987,280221,280206,280021,354819,279292,280229,353614,357975,280453,279560,354151,280536,279268,417448,329593,327571,354365,358800,330878,325184,404699,438358
310237,308684,309387,309298,306382,307574,303699,444095,445820,445446,442833,445059,306831,441583,444730,306535,301076,444396,441073,305948,442659,439364,362040,322928,323841,304803,298821,321454,325453,362224,362669
409802,409430,410022,410899,407947,409712,408041,560773,560407,560406,560928,561748,409589,560949,560961,411056,407104,560717,559324,410675,561643,560506,486055,436174,437400,411284,407645,435228,437630,486880,484956
312388,310830,311643,311119,309287,309783,306398,445636,445972,446964,444688,445986,313154,443561,446211,312392,305053,445703,442693,309177,445538,441345,364076,325256,326329,308567,302584,323897,327984,363992,363327
87856,87574,87937,87297,87396,87692,87230,72139,72238,72138,72268,72298,87609,72399,72122,87344,87454,72371,72136,87236,72159,71967,76042,82638,83004,87078,87410,82415,82639,76223,76434
97075,97307,97201,96999,97183,97290,97340,303736,303741,303365,304299,303835,97206,304978,303178,97271,97395,302184,305935,97379,302305,307684,173448,112954,113423,97579,97314,112761,113733,174480,172037
432258,434384,431171,429774,437175,429185,439940,419482,419871,423226,418843,426114,427386,417460,431255,426463,438192,436466,415774,423767,441917,414052,384946,345115,344253,423526,435054,344890,343776,379721,390406
79986,80382,79978,80032,80390,79987,80570,136548,136740,136379,136793,136346,79574,137071,135818,79355,80869,135830,137443,79383,135860,137902,99276,83182,83318,79286,80987,82914,83464,99802,98466
116549,116625,117309,117199,116098,117454,115573,174886,175224,176225,174182,176656,117851,174091,176430,118120,115212,177682,173757,117869,178620,173291,128001,108134,108416,118511,114387,108083,108274,127579,128328
105983,105809,106110,106152,105115,106694,105302,89496,89622,89708,89314,90029,106717,88884,90324,106831,104643,91140,88624,106839,91100,88530,91564,92393,92454,106578,104293,92502,92209,91412,92135
112399,112205,112551,112662,111789,112609,111362,183238,184480,183729,183510,184351,112909,182916,184614,113218,110884,185486,182299,112907,185911,182525,129710,107476,107457,113174,110062,107413,107858,129346,130079
582185,583468,580179,579143,585362,578043,586587,677026,678515,677425,676304,677218,578168,674358,676872,577501,586615,674913,673555,576629,676004,672921,595843,575180,578028,575522,585040,572951,578738,597454,592951
278318,277120,278252,277353,277598,277683,274207,384064,384706,384264,384053,384721,278205,383527,384500,276804,272538,384958,382628,276649,384704,382150,316787,288854,288921,276169,271861,287300,289669,318164,317264
122054,121645,122050,122448,121237,122465,120238,171288,171783,171782,170720,172675,122648,170229,172886,123265,119792,174006,169810,122939,174480,169479,130985,112175,112193,123314,119239,112019,112032,130546,131188
79682,79700,79449,79359,80157,79396,79944,117603,117128,116967,118606,116382,79311,119037,116021,79258,80523,116327,120189,79015,115914,121067,92749,81109,81294,79177,80230,80777,81513,93543,92044
109887,109435,109121,109625,108866,109584,108429,91826,91904,91930,91647,92366,109822,91480,92390,109637,107737,92932,90917,109719,93397,90691,94060,94812,94567,109668,107157,94739,94892,93593,94266
70784,70773,70466,70470,71063,70165,71162,59546,59395,59380,59436,59328,70130,59519,59251,69653,71165,59173,59322,69635,59269,59566,61212,65760,65781,69393,71510,65918,65807,60989,61062
233158,232709,232864,232588,231768,232664,230957,316317,316980,316711,316164,317883,232634,315767,317204,232517,230203,317136,315447,232345,317646,314447,262335,239619,240436,231944,228614,238867,241173,262652,262423
237594,236675,237348,237189,235358,236093,232755,354658,354704,354899,353827,354463,235506,352638,354176,235444,230932,353291,351764,234651,353439,351647,283652,246373,247002,233849,229333,244290,248241,283854,283179
112304,112017,112119,112217,111624,111988,111228,103944,105013,106132,103170,107697,112162,102554,109246,112188,110630,111662,101817,112201,114382,101245,99532,94754,94186,112045,110581,94415,94231,99432,100082
81535,81734,81214,81301,81942,80841,82090,105967,105891,105119,107065,105263,81040,107497,104665,80863,82313,104073,108619,80870,103974,109788,90474,82015,82220,80539,82509,81748,82341,91082,89879
214236,213517,214149,213587,212501,212714,210636,290203,291226,291006,290275,290845,212311,290236,290477,212593,208973,290830,288520,211996,290264,288569,241254,217579,217923,211268,208083,216363,218345,240580,240843
104014,103707,103993,104526,103346,104342,103338,171782,172228,172364,171669,172973,104969,170849,173398,105179,102663,174141,170740,105145,174695,170355,120723,99943,99852,105652,102889,99823,100042,120598,120798
121246,121693,119452,117790,120866,116458,119723,103576,103045,102088,103752,102025,115981,102869,100724,115203,117207,100347,102778,114367,99603,102444,100409,104886,104777,113072,115647,104416,104798,98866,100863
213586,213576,213591,214382,213625,214619,213212,182925,184128,185081,182315,186860,214947,180858,188491,214800,212486,190780,180052,214596,193870,179811,180032,177954,177878,214950,211347,177319,177382,178962,181206
98978,99022,99100,98642,98909,98642,98708,239486,238933,238832,240060,239168,98937,240997,238262,98697,99156,237608,241079,98950,238152,241534,153770,110708,111252,98921,99033,110610,111451,154577,152791
83065,83129,82889,82804,83121,82473,83179,159647,159359,159179,160749,158609,82495,160702,158266,82277,83452,158150,161625,82774,157969,162716,110057,87259,87660,82631,83576,86908,87700,110600,109616
137523,137305,137849,138576,136209,139213,135560,589056,591863,592309,589468,593889,139644,588812,595530,140166,134899,596841,587630,140788,598551,586629,259622,151780,152435,141021,133773,151202,153117,260407,258772
214216,213975,214463,214661,212461,214157,210883,297978,298046,298390,297869,298374,213633,297266,297776,213245,209710,298636,296648,213262,297716,295923,244830,218924,219571,212319,208356,218308,220145,244824,244169
546856,551620,542560,541017,555410,537548,555959,611267,613091,612899,611510,610576,538043,611365,607957,536075,556980,606323,609096,534714,603650,608431,537775,526406,527636,530673,553677,523346,529058,538745,537894
60083,60082,60225,60019,60015,60026,60166,56105,56104,56189,56213,56167,59829,56063,56143,59944,60121,56043,56280,59573,55903,56049,56016,58329,58423,59730,60008,58144,58502,55865,56175
124548,125436,122733,120889,125100,119601,123081,105435,105070,104384,105568,103558,118737,105007,102487,117353,120983,101427,104596,116561,100523,104064,102351,106729,106865,115038,118533,106241,106488,100550,103533
131180,130405,131008,131163,129931,131630,129134,343438,344701,344737,343538,345896,131962,342633,345881,132615,128765,347166,342498,132300,348217,341152,188887,133638,134102,132763,127867,133475,134362,188923,188278
215090,215631,215518,215530,214797,215411,214278,273458,274174,274418,273846,274457,216021,273588,274560,216570,213689,275212,273208,216381,275324,273008,234577,220899,221049,216272,213355,220007,221347,235005,234024
215566,214710,216206,215854,214233,215419,212717,299192,298876,299484,298923,299984,215491,297747,299019,215380,212063,299466,297313,215152,298825,298154,246148,221020,221656,214172,210999,220441,222862,246413,245929
116839,117068,114972,113308,116888,112117,114891,100655,100265,99577,100629,98752,111394,100548,98111,110529,113041,97330,99948,110014,96555,99232,96933,100848,101258,109008,111277,100730,101118,95651,98041
122884,123020,123040,123354,122567,123402,121587,191171,191300,191870,190963,192596,124078,190285,192894,124246,120794,194117,190548,124160,194671,189905,138570,115762,115678,124311,120274,115310,115767,138556,138862
288042,287055,287997,287939,286522,287812,286004,898969,901760,901914,898711,903666,288649,897504,905834,289266,283816,907046,895068,289632,909807,893633,448151,283418,284121,289913,282632,282084,285707,448833,447672
315074,314713,313817,312783,315210,311828,315622,613184,614869,616861,612975,617269,311603,611379,619027,310386,314154,621023,610010,310009,623143,607009,348061,266292,266628,310354,313262,264881,266547,347221,348550
271924,270967,272097,270567,269255,270555,268253,370536,371477,371693,371293,372219,269796,370883,371577,269983,265467,371484,369535,269405,371109,368278,308274,279487,280475,268331,264219,278871,281591,308772,307873
620100,623836,617094,616459,626109,614887,628222,715935,716278,715108,714966,715476,614809,714712,712919,612474,627215,711439,712022,610547,709204,712249,635098,613557,616059,610566,623857,611509,617037,635329,633978
119325,119663,119316,118653,118935,118102,117830,111312,111560,111174,111146,111257,117669,110858,111369,117460,116404,111548,110545,117227,112056,109820,105673,102607,103464,116562,115178,102881,102997,104942,106607
108661,108949,108050,107888,108592,107142,107256,102825,103239,103047,102850,102875,107132,102549,102886,106988,106010,103073,102078,106253,102899,101616,97729,95412,95544,105875,105339,94846,95422,96837,98555
99396,99399,98753,97720,99085,97462,98406,84442,84178,84225,84429,83860,97472,84578,83730,97188,97823,83260,83903,96828,83044,83681,83958,89241,89283,96441,97190,89057,89399,83656,84474
241469,242352,241281,241525,243804,240745,243987,304808,304121,304107,304077,303899,240263,303693,302714,239725,244741,302895,304503,239489,302880,304023,265083,243523,243490,239612,243755,242921,243730,265599,265353
113803,113903,112896,111927,113789,111252,112974,95465,95137,95049,95583,94310,111212,95190,93893,110676,111818,93803,95051,109759,93002,94722,94279,100427,100438,109222,110922,99883,100331,93763,95062
287403,286699,287663,285782,284230,284844,282149,394832,395512,395541,394985,395627,284752,393987,394831,284060,279837,395357,392452,282890,394363,391828,327703,295921,297085,283453,278247,294776,297618,327878,327229
87351,87404,87414,87102,87432,87446,87621,172736,172002,171860,173072,171863,86911,173636,171726,86996,87827,171494,174305,87147,171201,175058,118740,92950,93198,87193,88004,92695,93614,119633,118140
