index,1338
775,0.8242118651820847
772,0.8128888454624437
773,0.8079712012274624
776,0.7865090027320494
778,0.7724939852074213
777,0.759122439066472
774,0.7436416623059708
771,0.7084225724646547
769,0.7065934031554106
779,0.6946186005642697
770,0.6937610876727767
768,0.660867255704848
780,0.6372295059774999
133,0.6151264365699247
767,0.6002994655081413
766,0.5825424230556153
1011,0.578390581688458
1012,0.5743933428907282
1010,0.5696935643745134
1009,0.5676664123799144
1013,0.5625165172599782
1007,0.5583881247526403
132,0.5562543614274454
1008,0.5535831262990779
1229,0.5476586732496032
1015,0.5462404439205643
1014,0.5374227800968597
781,0.5358078546753766
1006,0.5333946258511683
1017,0.5262381963353872
1005,0.5218227277073786
1018,0.5201107218604938
1016,0.5164548560594006
22,0.5152202728403755
134,0.5057777046149367
1004,0.5052023835333416
270,0.501815873550085
1019,0.5001566817909062
131,0.4865838561507323
1021,0.4860977473224033
1003,0.48192030862082946
495,0.47683653311366064
1022,0.47669597482794857
1227,0.4765675403476561
1020,0.4722266342347823
1029,0.4694198838658828
20,0.4645858107190815
19,0.46402815138147496
1002,0.46340380101920753
1228,0.46290091844321035
782,0.46040330730756474
23,0.458820740121617
765,0.4549387320014523
269,0.4533288920721758
764,0.45289329216353047
1226,0.4521113390270185
21,0.45078865186003014
1230,0.44868830916781827
18,0.44798959611770506
268,0.44618055347085167
1025,0.4456376784201247
1001,0.442152563728716
404,0.4411616592877638
1205,0.4407502722973402
17,0.44044526196242245
14,0.4379293417568765
24,0.43640576096627354
760,0.43404536292869217
13,0.43145186048831335
25,0.42754301598229494
1000,0.42599061407750444
1027,0.42250433370672713
1024,0.4205736342737707
1202,0.41574802651862286
392,0.4136327862959791
1224,0.41305010650661134
1225,0.40877888579873894
1200,0.40511161009497726
15,0.405061414143258
8,0.40358484335347017
26,0.40042443259539623
27,0.3990807647679707
1204,0.3983923654589606
999,0.398367311226363
12,0.39126048384503037
1223,0.3874716091515068
1180,0.38472975159787026
1181,0.3836788318313499
1221,0.38276059796945006
16,0.38226453894200013
469,0.38157717950586445
763,0.3791853413399862
1197,0.37890092062359304
579,0.3785375920794376
1194,0.37816132271973063
467,0.37789902351200844
1231,0.3777378638449059
580,0.3766159314569632
1196,0.37610082947267776
542,0.37540535212144593
1216,0.3729400958346485
1199,0.37027256656430957
130,0.3701522910671845
998,0.3685389182765921
1179,0.3669409406723771
265,0.3660541812506568
997,0.36347742565588614
1191,0.36319002981696524
1195,0.36256976188248063
1193,0.36248307308173505
1023,0.36232346175814506
271,0.3617407743685534
135,0.361712526208881
391,0.3590070361097166
1219,0.35878976407319285
472,0.35787692862613524
1212,0.3578172457121654
468,0.35774489319615477
266,0.3571789619551045
1188,0.3569163479544257
1175,0.3548896647661381
1233,0.3529804222022267
1203,0.35174519942470206
761,0.34605493282306143
1201,0.34592361933438415
1218,0.3452830962600962
1306,0.3451696040440022
267,0.3441023755506156
1237,0.34389393994399975
403,0.3431267799854009
1190,0.3430473292271763
1177,0.3428003834783547
582,0.342373810848692
583,0.34186033206329475
1148,0.3417997779728383
28,0.34082503789936175
1184,0.3406729747577051
6,0.3401197223420092
466,0.33882609310686307
1182,0.3378062895298351
996,0.33685356970146735
1176,0.33576914487496706
1198,0.335366648772701
1178,0.33438877663255
11,0.3341294979199477
1153,0.3339512663500632
1155,0.33301945092071494
1187,0.33175837685369935
1172,0.3303380748269422
129,0.3298204884286848
1147,0.3294104163123956
783,0.32881148850786296
612,0.3265619278767856
1189,0.3257364730138282
1214,0.3250680727706657
1159,0.32361701115987684
1208,0.32215699152312194
578,0.3219301747656614
264,0.320527714681193
1211,0.32051898492331315
1171,0.31682227882335384
1183,0.31680487254755696
627,0.3159622602555567
995,0.315342006082321
447,0.3151602250599761
1154,0.3138218488950801
1186,0.31329679299867635
1192,0.3129335271918854
1149,0.3127356667598747
30,0.31271216075061614
9,0.3126134615682982
1235,0.3126044005166416
1152,0.31227646325083164
1222,0.31119148675383
272,0.3083560884713995
480,0.30709424792452567
1207,0.30659327194044855
1217,0.30647770881219283
636,0.3058641911875005
1256,0.3058413021503935
432,0.3058048513801711
1169,0.3052987097635072
1209,0.3051516306945458
1210,0.30498177177421
437,0.3038819180316215
1150,0.30183985493365145
1158,0.3007266838362694
1157,0.2999775071816968
1026,0.2998854022577165
388,0.2993827915901076
262,0.298799843568188
390,0.2981595751305842
1326,0.2980547741313447
1162,0.2970318607478126
762,0.29501143134333685
1329,0.2946164416811226
994,0.29382458378766746
456,0.29215507444356786
568,0.2912706658617866
584,0.290904021499177
1281,0.2900336487266501
581,0.2897517338746944
1173,0.28931784813807104
1144,0.2890559938803107
1145,0.28878448881128727
1185,0.2886725308108212
619,0.28843127194891943
423,0.2884118278852137
1206,0.28811032759740623
1156,0.2873561899954154
1174,0.2833814979487978
1168,0.2831751098540337
566,0.2813188505820942
616,0.2808238896776108
42,0.2795933685013969
564,0.2794188371017941
1167,0.27914072242283056
263,0.2784318495566975
494,0.27837751315310705
481,0.2778493557589684
633,0.27756148843109857
1313,0.27730039360984565
1283,0.2768275025083712
1215,0.275776660264148
32,0.27536264050259773
546,0.27407035046165157
1255,0.2735899449213146
431,0.27279470588198185
1304,0.27257133614764073
1165,0.27255792843377064
1170,0.27254559729305755
429,0.27228804789873695
496,0.2700709925301038
634,0.2691958683066039
993,0.26839825453268484
560,0.26799246469143007
450,0.2677783887323772
1166,0.26771157828740055
622,0.267596537148569
258,0.26720307909010726
1252,0.26634479514767107
260,0.26634228653781916
1309,0.26628743342255373
1213,0.2661729158576373
1146,0.2656403772882869
1142,0.2654389146845977
657,0.26530496905135104
41,0.2651584362506154
1163,0.26511627294490075
259,0.2646932648123655
1251,0.2635154522385552
34,0.2631954396058943
1234,0.2620733534257948
47,0.2620471651339266
40,0.2618340355126698
470,0.26179829446180863
407,0.2617123811040018
1143,0.2615797722597913
43,0.26136382884188347
575,0.26066690085363037
261,0.26046360328155554
29,0.26037275225210765
451,0.26028678715588666
449,0.26028369604744966
44,0.2597727821145297
1236,0.25957744572892516
1299,0.2594910415566248
609,0.2581403901157938
454,0.25793118311002666
257,0.2574497777899068
479,0.2568034355595898
1232,0.25662959433904686
585,0.25539861332916197
611,0.2547340695265523
1302,0.25451706768019583
444,0.25440375302372087
443,0.25342165991686266
573,0.25310153503916655
45,0.2529078152702685
459,0.25234811921253375
435,0.25210450874769175
439,0.2516831968406342
31,0.25151677336236966
1282,0.2501514312512078
136,0.2500497096865121
50,0.24996959075976052
39,0.2489919252330645
992,0.24883911789080118
1164,0.2483939971814683
256,0.24811754664768854
33,0.2477232087045556
128,0.24724307871621531
464,0.24613272138403655
37,0.24586826566717468
433,0.24477796795665438
46,0.24445520388903985
599,0.24372856775236926
1308,0.24372227655429576
38,0.2437211911352263
1139,0.24305171333849707
1161,0.24261537223153376
587,0.2424283779200016
389,0.24175497058447182
1253,0.24098016554141483
605,0.24083184185310466
574,0.24082524428104882
438,0.24041018056316238
624,0.23801642238384865
615,0.2377233608273851
48,0.23763643503305976
571,0.23759059218971862
52,0.23739646831696906
49,0.237029941414146
577,0.2369193200107426
623,0.23668400810565463
453,0.23568946462404344
1279,0.23530276224092878
54,0.23486668248886358
630,0.23467785917391887
1321,0.23464734310456467
36,0.2332922643924014
58,0.23326541185059274
10,0.23318185433845345
462,0.2327633693228457
474,0.23250182981973022
561,0.2304226089195884
620,0.22867816802671817
53,0.22861848248535568
255,0.22767627506978427
1247,0.22737134411649237
576,0.2271805109368913
664,0.22679486632862578
991,0.22585924574802393
421,0.22557090371863142
441,0.22545929415920155
434,0.22512808443495633
1220,0.22508106854767332
628,0.22419749137421374
1286,0.22392934336488207
1160,0.2233792303755667
473,0.2231848841642536
1303,0.22266694519431843
555,0.22154211511945163
659,0.2209484322759168
1151,0.22049306343179903
570,0.22042216207058996
452,0.2182676137570339
1243,0.21634319320072293
572,0.2157835381578751
556,0.2153985959785372
457,0.2150233322537445
1257,0.21498301849457657
1311,0.21482635407866982
567,0.21394687538724266
4,0.21353662496734385
448,0.21327453708489283
1296,0.2128577040584314
56,0.21181875617617166
51,0.21168746845639788
254,0.210975025145054
626,0.2107972744834657
57,0.21019534077291654
253,0.21009395456222574
1273,0.20986354842021995
1028,0.2091264777993183
1239,0.20891755230199843
418,0.20886633752784212
656,0.2086253611151948
1322,0.20779303810012067
1287,0.20718272137244212
646,0.20648365054125878
428,0.20567495467303265
1248,0.205576619973793
1274,0.20497997893629033
430,0.20491837478471253
371,0.20477166195782742
455,0.2047540702447932
402,0.20427875269986454
990,0.2040455018702694
645,0.2039147072270646
442,0.2036609633288808
1316,0.20364932508739497
55,0.20272119995572646
610,0.20226601727619745
547,0.20196721821207592
673,0.20141093749262295
1323,0.200849531003487
655,0.20063516963836425
1305,0.19997502163216846
1297,0.1996014711623394
666,0.1988443201652921
586,0.1983294901800558
601,0.19762746186096689
668,0.19749987237928837
651,0.19692404613529269
35,0.1962893079907254
1242,0.19609181162834688
553,0.19600564825802683
617,0.19599908134966174
145,0.19421979367470463
608,0.1933153159985101
1315,0.1931852277535479
471,0.19290174350980288
1250,0.19271566597934292
590,0.19211686665803954
650,0.19208729706413158
1312,0.19193333506808105
5,0.19179402369996945
1240,0.19173674746842856
618,0.19168010425353132
436,0.19145526159521184
565,0.1910835563303871
463,0.19090193953033985
589,0.190797377693069
661,0.19017126873001342
639,0.1900966832810901
1301,0.18958848178476512
137,0.189095972951129
660,0.1886264803261659
465,0.18800705891447897
1285,0.1876320098753131
654,0.18752080954596234
147,0.1874863110358943
445,0.18743088841232527
613,0.18725162854056016
440,0.1866186262854732
598,0.18560301204461152
475,0.18545670241080942
1319,0.18533559398871166
604,0.18495464102703715
629,0.18486048773387162
602,0.18479513064715763
2,0.18475393263270984
759,0.18470935820587792
1292,0.1845312929432317
989,0.1835803592859381
252,0.18354726554081927
563,0.18349034844198361
637,0.18315813478662762
1314,0.18264933728773716
7,0.18244244887995684
758,0.1821529412993987
405,0.1818197456478197
632,0.18110401289514275
569,0.18062777318132614
1244,0.18029735256682972
558,0.18009433650232073
493,0.180058043679228
864,0.1797971972252737
446,0.17850062963805088
1317,0.17809930253710493
127,0.17746969195732631
1280,0.17717040528244346
1241,0.17699575210092683
1293,0.17659572053111464
853,0.17657786827596506
1246,0.17637359645615347
251,0.17580607359455475
59,0.1751512820687787
557,0.17498323844335067
874,0.17461653704423505
1320,0.17395084988204798
559,0.17264749320435654
3,0.17249057805838655
784,0.17231384726567783
543,0.17220475085473474
1259,0.17124753259079487
548,0.17122901881308292
647,0.17081761688633157
868,0.17067422661183132
855,0.1703139313704626
621,0.16943025541481385
425,0.16937212067822388
866,0.16913740597924892
665,0.1690992672295878
863,0.16907622407708017
642,0.16844570169620757
852,0.1682133316703399
988,0.16818574891944096
458,0.16768570480044728
854,0.1672846367223265
497,0.16714687443107482
865,0.16713411096678857
856,0.16688484750116844
1310,0.16688238753003717
652,0.1665716988599962
596,0.16610657773353024
1245,0.16584890919190984
554,0.16495520633908461
1270,0.1648782414552032
126,0.1648161926297629
1295,0.16425323869101083
1284,0.16375746496801724
250,0.1635662275960895
146,0.16310554530124627
625,0.1628845688115864
1307,0.16057230534241915
861,0.16010951550386324
240,0.15998046407980998
248,0.15981336373276683
860,0.1594003721411548
1276,0.15798893123165808
848,0.15798879297835564
1238,0.1573832088104155
858,0.15713596606457345
1277,0.15684707094954203
669,0.15586575804208846
60,0.15566788055855185
607,0.1549574243149923
606,0.15373317930412866
849,0.1535457589332855
876,0.15270714083203724
1288,0.1524497467186375
394,0.15229763571464527
847,0.15117440130344717
249,0.15016684879705391
1135,0.14850297059447545
241,0.14826160015500603
648,0.14822495805449065
644,0.14785387654557208
872,0.14664328981255886
461,0.14617107882309163
987,0.14544922013007058
662,0.1447953903792609
593,0.14450822420374915
859,0.14405089325896417
1136,0.1438769052780808
144,0.14373234298426651
244,0.1436997259866021
247,0.14337692869500665
850,0.1422244635045342
242,0.14216717104285978
857,0.1420993189119552
649,0.14004109667295028
870,0.13991724141624018
1141,0.13930146516253591
592,0.13910886150516646
243,0.13905728964789996
414,0.13886637174939725
246,0.13883664366217743
476,0.13861627819769903
643,0.1384308385877803
862,0.1382098773456226
141,0.13814782885849494
233,0.1381251776087
871,0.13756050225621325
667,0.13683920866137078
71,0.13626988480646043
245,0.13567493203026987
851,0.13540222024635504
234,0.13533926574011468
460,0.13502817553658328
69,0.13321472428148662
549,0.1330101572501725
273,0.13258319879614708
116,0.13118223796886186
426,0.13028074040295248
986,0.1300839778180083
1298,0.12956727268065996
638,0.12853353739551096
142,0.12815794321387994
880,0.12762689410654346
985,0.12758667322433745
237,0.1275796144767081
603,0.12744527697272054
867,0.12725014638641688
66,0.12673155628827792
875,0.12646328143476537
869,0.12571173532728505
238,0.12497203921540875
550,0.1245853820966922
843,0.12451616699397249
1278,0.12419267002719757
1291,0.12352108549211933
1249,0.12316374945804921
552,0.1213297003935333
1269,0.12131829044838324
226,0.120924171785811
139,0.12089809667749324
1261,0.11979757891219948
1275,0.11953753197137335
614,0.1183001823311231
1030,0.11769217635483711
236,0.1176771808393362
845,0.11736563691926792
588,0.11699290774849033
1272,0.11660428762877008
1290,0.11602138045956037
235,0.1159145465161329
658,0.11410912315024133
672,0.11377292777262127
68,0.11334006219839754
677,0.11305694285804016
118,0.11279921751089654
232,0.11112826139268883
422,0.11099119015108472
594,0.11059376251434302
143,0.11027818696542713
485,0.10947329220927315
1294,0.10841676397102351
125,0.10801142697502025
844,0.1072792719749315
228,0.10717503224270024
984,0.10687001219646612
1300,0.10634907493036705
239,0.10573329835522494
73,0.10560572225774
846,0.10530795219747965
591,0.10410712808555668
957,0.10310591462391075
148,0.10263425129950184
1327,0.10256248350634731
640,0.10222354915604176
873,0.10070727971983251
960,0.09919210039208923
532,0.09886886551205688
1328,0.0977549202291443
123,0.09761392799925661
477,0.09753648027664309
958,0.09571427955242488
597,0.09517892907501906
1032,0.09440114670110651
365,0.09423295450646452
785,0.09398138162206499
631,0.09392161744909527
70,0.09263658450436647
1331,0.09247951576050858
635,0.09177767047232316
653,0.09066332051631291
842,0.09061676128015968
376,0.09055089344314295
1268,0.0902849580945275
229,0.08952079548719571
877,0.08951971419428646
120,0.08939597879197743
124,0.08841441184845186
67,0.08771809450709289
675,0.08693844601896307
420,0.08663524358939785
230,0.08637945573914209
61,0.08510291280231501
879,0.08390591135489858
231,0.08369608834761466
595,0.08352411318937554
959,0.08267621556352246
983,0.08242614801778209
367,0.08205157514902897
63,0.08164973343017032
140,0.08110851741462216
600,0.07976224981301198
424,0.07968148198413666
138,0.07946704392941031
72,0.07885020577786155
1324,0.078020996731506
286,0.07801092749032636
114,0.07681930679965689
227,0.07573777264082912
284,0.07573426179927985
491,0.07264691880649637
121,0.07254340153209188
64,0.07241111005432135
663,0.07219886668093463
1289,0.07215776875020274
119,0.07213227969668681
1138,0.07200504919917743
1031,0.07198506884193348
1267,0.07034916779873886
117,0.06914067388161681
545,0.06889316090666246
285,0.06491479362087653
122,0.06433757578770066
551,0.06422467702654372
427,0.06247376856021031
757,0.06114255069457017
840,0.060673267524588875
678,0.06059841540894466
1333,0.0594500531666148
878,0.05941771326957347
506,0.05925755356458114
883,0.05839781102815824
562,0.057924851930893986
393,0.0573525695183084
982,0.05715678559189897
368,0.055581664110281655
882,0.05532454704330349
1264,0.05506623609811081
115,0.05413616407005722
841,0.05211205230174567
881,0.05141282180589137
670,0.04991343572042035
674,0.04913766413518318
839,0.04809210004716124
65,0.04764035475829428
363,0.04669353664623081
1140,0.04549919559571008
62,0.045361915692588
1271,0.044334806109516574
478,0.042451955394226935
74,0.0402212345051789
500,0.039809176007939706
1258,0.03938373072757419
380,0.03891268186140989
1254,0.037387113591086756
274,0.03724151831087246
676,0.037163136228568004
981,0.036177447941076746
1266,0.032548802446886925
283,0.03234062381962534
225,0.029112800272605086
75,0.02388466524965428
980,0.023713466356053096
1,0.0226641709779857
151,0.020649888597588803
680,0.016392920510543817
281,0.0156275060912436
679,0.013671719223128893
395,0.01338212520397604
282,0.012995634224653172
786,0.011726558707398539
1262,0.00945795952487625
1263,0.007836600759542782
956,0.007508844005211039
884,0.0068743487041294515
149,0.006511137076505075
1265,0.006496159036100088
1325,0.0060470896717641975
979,0.005320391117493011
370,0.0030291456909969194
837,0.0021666687946196527
76,-0.0008539202318826148
401,-0.0012714834576904562
1318,-0.0032249158132358333
158,-0.003955835894621085
157,-0.0052017898929883144
215,-0.005526726673869738
113,-0.007323299255499113
419,-0.009029778450076265
641,-0.009398375616689877
838,-0.011664792966773864
152,-0.011807580735679921
886,-0.013257517155605936
535,-0.017816987702527324
498,-0.02170137683168739
156,-0.022016230577685817
1260,-0.022351951200113476
1330,-0.02385026595116956
409,-0.02448064720880704
530,-0.026356843923737123
276,-0.030330584569836054
978,-0.031106107843961284
221,-0.03601034113729594
279,-0.03825779967910366
287,-0.038856029462954494
277,-0.039489772627362064
224,-0.04042663984770774
671,-0.043147065203704434
223,-0.04403526630422653
544,-0.04430986667254875
885,-0.04541031245987315
275,-0.04559509054881187
288,-0.052004778081731595
375,-0.05237605476631613
278,-0.05767843215833634
373,-0.05774109122265525
524,-0.05895139752821543
539,-0.05902197198108158
1335,-0.060456335214610406
835,-0.06057141517490925
961,-0.06175881389926341
280,-0.06342436706240767
515,-0.06478079317159455
369,-0.06693327335802154
1033,-0.06696422838459587
77,-0.06713368895643872
754,-0.0683751039681153
150,-0.0686851690419657
787,-0.069260917994363
159,-0.06964088426708927
836,-0.07119188372751008
398,-0.07275815878016499
160,-0.07451714537321626
890,-0.07579812572404596
289,-0.07632507649682752
536,-0.0768285654833009
296,-0.07715765872161948
887,-0.07749570477173065
502,-0.07762300408868113
977,-0.07821921450154246
1034,-0.0821930104169123
219,-0.08225147195023616
154,-0.08231306892078101
412,-0.08295643416555247
295,-0.08379880860388499
155,-0.08379929510078146
962,-0.08540318338660201
377,-0.0868827740073946
686,-0.08818341611021756
976,-0.0883956274520829
78,-0.08869513619877109
416,-0.08899194206618552
1134,-0.08919363493525662
205,-0.09211738369797255
1137,-0.09215851276156302
888,-0.09376753173340611
190,-0.09405868816799176
153,-0.09434967199045628
300,-0.09442335663107627
361,-0.09459680284522007
169,-0.0951951702672896
533,-0.09534097455904207
293,-0.09549884927675363
298,-0.0960943696876528
291,-0.09622021306020404
355,-0.09692819644700724
540,-0.09815619838592064
529,-0.09907481807889851
79,-0.09953007452377623
185,-0.1009148212171384
834,-0.10137580282425288
81,-0.101506050251964
526,-0.10179998759077595
963,-0.1032461178350805
413,-0.10347045656405099
161,-0.10412448458558508
492,-0.1058501366830722
171,-0.10626807477291265
222,-0.10774084710349774
204,-0.10904593189059257
411,-0.11018600466607673
184,-0.11067233053307264
290,-0.11114319546901841
197,-0.11218215346728484
955,-0.11418620919909034
299,-0.11497069850701713
518,-0.11534246877805689
173,-0.11540421595714559
364,-0.11709409757592514
788,-0.11728577508463443
689,-0.11810812537496387
297,-0.11866579293421378
527,-0.11868951402075041
175,-0.1201058300860361
112,-0.12110553348996975
192,-0.12183373488709426
292,-0.12330153709792355
165,-0.12408424734449701
417,-0.12438736085769524
99,-0.12566127572169877
893,-0.12594510819728721
789,-0.12671512881745303
1334,-0.1277140690941455
895,-0.1278337720676018
208,-0.12795553181226108
833,-0.128115641984931
163,-0.1295572677504099
519,-0.12984511994096037
92,-0.12989991666417433
522,-0.13004462010704998
523,-0.13142315356871814
327,-0.1319276680528695
176,-0.13216161021192896
183,-0.1330926521089832
513,-0.1335068323161304
372,-0.13353699549537842
510,-0.13405918626278912
975,-0.13599675442235812
538,-0.13819600788636338
167,-0.14176664299090316
206,-0.14306817351024906
174,-0.1437281917949702
162,-0.14673499946631047
193,-0.1476445270244702
100,-0.14810971558701497
322,-0.14823323285595102
301,-0.14828908417623146
80,-0.1492783724673125
199,-0.15001734446902032
96,-0.15013354528673145
699,-0.15071805554008047
172,-0.15207302030515046
91,-0.15218284127491735
499,-0.15252068164908644
97,-0.15253287585407582
170,-0.15301287085944207
220,-0.15326026132233786
101,-0.15333761174717817
406,-0.15409672774029815
188,-0.15447425921802618
111,-0.15455190623061588
334,-0.15469484767638186
752,-0.15503997661798263
207,-0.15655067046822507
531,-0.15773109695377557
164,-0.1586161967572743
891,-0.1588463039943658
482,-0.15977335513451463
528,-0.16028301959692137
347,-0.1605576301671344
692,-0.16079580373461255
168,-0.16175000136449988
340,-0.16268553873243596
331,-0.16345545260807476
682,-0.16369092158860202
103,-0.16418651365652656
889,-0.16448223673095774
486,-0.164657926957429
336,-0.16491071264226045
410,-0.1654533399065158
177,-0.16618083681620813
89,-0.16646961913657865
1035,-0.16661826657154663
191,-0.1676011290972341
105,-0.16799714683885625
187,-0.16807284215796356
791,-0.16839873015787382
894,-0.168782918685685
902,-0.1695417674313031
360,-0.16961025431534277
178,-0.16965024809628368
95,-0.170403927296667
166,-0.1705601358235604
320,-0.17070160098354584
1332,-0.17083987551535135
330,-0.1727444268129948
525,-0.17287373842199782
748,-0.17366578785106662
213,-0.17393307765964178
98,-0.175170251470775
94,-0.17521210233590792
541,-0.17537655850143496
302,-0.1758015179771752
203,-0.17649214633903776
755,-0.17651711622686292
415,-0.17654291009661863
102,-0.17672471358184008
892,-0.17701730323270284
93,-0.17714975621175358
202,-0.17724081694770344
294,-0.17758631608273745
195,-0.17813058264583012
90,-0.17827972600755876
381,-0.17833153577441377
483,-0.17924805154992077
756,-0.17943053529864178
378,-0.1794678432709672
790,-0.1798474233812375
182,-0.17995863756101915
384,-0.18074926800275104
357,-0.18149655636679465
356,-0.18204840171464193
520,-0.18214133948037559
351,-0.18260557890097479
323,-0.18339770697482752
335,-0.1834033958713106
304,-0.18389218733579907
194,-0.18434766826537427
509,-0.18511967750694433
350,-0.185980570708219
180,-0.18608361455883418
898,-0.18738909418466657
343,-0.18742139796600144
1133,-0.18789737193880482
87,-0.1906295075590428
104,-0.1929161965685531
88,-0.19321864427371446
83,-0.1933147976765673
198,-0.19380894767441267
189,-0.19423488523692747
312,-0.19503757355175796
318,-0.19519639656025278
974,-0.1957711664778992
210,-0.19581000402340684
793,-0.1963820452187468
309,-0.19641333458476576
110,-0.19755331122179062
386,-0.19922927411964395
200,-0.20014811518146458
86,-0.20120592253333633
537,-0.20189091677186044
337,-0.20309142610369052
106,-0.20556361046096655
315,-0.2058763947366484
196,-0.206100280361525
332,-0.2068804093801385
504,-0.2080135940360299
792,-0.20828991267745808
307,-0.2090959012581814
796,-0.20920171036400745
516,-0.2093843646674536
325,-0.20954281959304027
341,-0.2095836482502466
310,-0.20997368916084863
324,-0.20997484366769084
211,-0.2101251910403631
201,-0.21079000492726466
1336,-0.21110188256036075
313,-0.2120286997547632
328,-0.21240521204249724
319,-0.21314750162283153
108,-0.21355629812917418
306,-0.2139395993709578
303,-0.2156673279700699
1132,-0.215761152576771
346,-0.21616827698978375
799,-0.21642585207337772
1130,-0.21662372599327637
794,-0.21671286615410587
85,-0.21681922672574952
487,-0.21728357277269267
316,-0.21783391521128698
973,-0.2183706836792695
804,-0.21881260557179896
348,-0.2191513878999889
342,-0.21927051579196313
803,-0.2193516533422628
107,-0.2193958462242574
314,-0.2194147061233477
311,-0.21943764158026144
338,-0.22007810502019182
212,-0.2200989248390545
806,-0.22155326928764515
179,-0.2222374413755232
800,-0.22228860146565035
186,-0.22348062601926746
964,-0.22357148725552167
181,-0.22428529946526773
217,-0.22454737679975428
326,-0.2251407553779656
308,-0.22514501091090974
1036,-0.2255304476257498
797,-0.22558555229943053
795,-0.2261705139958649
339,-0.2264266148060783
511,-0.22683633252722787
345,-0.22696068354735885
397,-0.2273665784332274
802,-0.22787420137281175
352,-0.2280561477164957
333,-0.22808222525881788
798,-0.2290111612331122
505,-0.22913780413749615
305,-0.22940681232608362
901,-0.22999681385356163
812,-0.23003793261647684
321,-0.23031403407231477
805,-0.2307176199112619
507,-0.23224583903938373
317,-0.23250269079345548
1037,-0.23281656190144873
82,-0.23354504921566763
84,-0.23409545462899184
813,-0.23575193033320732
807,-0.23596868516986605
810,-0.23601657879343665
109,-0.23624970677359328
815,-0.23629394323578062
706,-0.23686496734315152
329,-0.23719539891160318
809,-0.2376888551015572
344,-0.23905633700398948
811,-0.23940924629614485
808,-0.24029013102806587
899,-0.2413879859531797
954,-0.24160546091665136
801,-0.24383374426172444
374,-0.24400621307933457
968,-0.2466894623322643
703,-0.2485057362885947
816,-0.24875427711056006
753,-0.2489794395621003
383,-0.24949068295566507
209,-0.25161244011618034
900,-0.2585943062884352
970,-0.2607120968307713
1038,-0.26091036579033927
359,-0.2615880357170191
907,-0.26259147972794844
353,-0.26362925266247805
972,-0.2647451386920213
379,-0.2647889765227816
908,-0.2649118111980777
906,-0.26518927917781904
1040,-0.2659607349203748
1337,-0.26620322601714397
903,-0.26801023695682774
965,-0.26812420917082697
501,-0.26851459491323454
817,-0.2689704782569738
814,-0.2699607970669912
385,-0.27178189368526157
349,-0.27203811307863496
897,-0.2815669487856934
818,-0.28186319375281993
681,-0.28238049431452034
399,-0.2826184926445404
1039,-0.2829479558579513
503,-0.2843529538088583
1042,-0.28625716458192724
490,-0.28639315676502564
967,-0.2865045936253297
512,-0.28651942340648706
819,-0.28955594089963677
910,-0.28967440977448755
1129,-0.29035798447748956
914,-0.29143769201793013
489,-0.2914643132624279
896,-0.2943471799515256
1041,-0.29857875952092516
916,-0.29971458939428997
971,-0.30106384138747616
1083,-0.3015708153148977
911,-0.3018113672760416
905,-0.3020097353918072
909,-0.30284135265991363
821,-0.30299075346002124
382,-0.3033242021713233
1080,-0.30436591125900025
934,-0.30488959414109384
702,-0.30537084708606343
354,-0.3056996109045624
1084,-0.30596726531179513
937,-0.3061495728369326
684,-0.3064941772562682
927,-0.30660563175964234
534,-0.3070751580405961
1079,-0.3071094239463569
938,-0.30724995181253284
932,-0.30795435464520904
832,-0.30867275606509786
746,-0.30923747583714345
930,-0.309427710958395
929,-0.3098405606241625
920,-0.310388161164197
517,-0.3110045819052784
936,-0.31145718021968205
913,-0.31233718825194856
820,-0.31284051112308026
935,-0.31328277375717367
698,-0.3148683065309069
710,-0.3153221778219844
1085,-0.31567907311172694
931,-0.31575471999465393
966,-0.31579755914318813
685,-0.31587424347507154
1120,-0.3165923146802596
705,-0.31884543726040926
904,-0.31897087453666784
939,-0.3196444368480917
969,-0.3209032462287931
1086,-0.32207385665393545
915,-0.32268045620056657
926,-0.3232205632923116
940,-0.3232222812076729
1082,-0.323793007132205
924,-0.3241921898835265
745,-0.324396751428348
716,-0.32440681539594757
697,-0.32515517221939594
1113,-0.3257366162547767
933,-0.32592767072674156
1117,-0.3259527596166816
925,-0.3259767300076223
718,-0.32637389524695415
1114,-0.32686650377834664
514,-0.32696321773499837
1043,-0.3270328173835312
358,-0.3272762240726686
1092,-0.32775563849345346
919,-0.3282780962959812
508,-0.3283007018427562
1089,-0.32843508304441954
1110,-0.32873338983744793
709,-0.3293390908478606
700,-0.3304030571526274
1044,-0.3304741825591059
1088,-0.33211777354518895
1091,-0.33222355445731083
1095,-0.3330799069063404
912,-0.3334904564186855
713,-0.3337541218995649
0,-0.3340458109503445
1128,-0.33463321821466663
921,-0.3347080544479934
362,-0.33487061130304724
1090,-0.3349164205748334
923,-0.3349641850266731
720,-0.33594127616364805
917,-0.3368946149937885
714,-0.33741894581604304
725,-0.3374410637301266
1093,-0.33883657124468564
717,-0.3388729409831079
1046,-0.33930114968162467
1045,-0.3393351749714975
1081,-0.33956685945356624
823,-0.34009240884533554
1094,-0.340563645103954
1087,-0.34115180015362245
918,-0.34167605024693615
831,-0.3421547791573626
928,-0.3426489943198737
1131,-0.3439254329429683
1112,-0.34461353390359695
1077,-0.3447581466762883
941,-0.34541516968609776
695,-0.3455816638294007
943,-0.3501155045572387
944,-0.3505222087337072
484,-0.3515194085505616
690,-0.35194402292950255
1123,-0.35195172488943816
387,-0.35251918069856514
521,-0.3543447230877946
1099,-0.3551367007889671
942,-0.3552784593449747
945,-0.35731483759279126
1103,-0.3581368090906926
715,-0.3589289253347601
822,-0.35951462081842184
1116,-0.35970193929233324
704,-0.35996554606076403
727,-0.36015335267968795
722,-0.36084892007650154
1115,-0.36137092270770726
712,-0.36256193813324866
922,-0.3632772142993494
1124,-0.36420838834541697
1078,-0.36445818064818014
1122,-0.36445973619501804
1049,-0.36475423157402387
1097,-0.36511949463442117
824,-0.36728749044570336
1101,-0.36781056671640405
729,-0.36961751267633075
1096,-0.37006459346900766
708,-0.37035485800167023
1047,-0.3710620699248303
1098,-0.37132658939197255
1109,-0.3718351025042486
1119,-0.3731089353207505
701,-0.3736418380331955
1100,-0.37432368916899017
1048,-0.37655319432329326
719,-0.37686636985396627
696,-0.37713855836096627
711,-0.3792468022147292
733,-0.3803741021612579
1076,-0.38071098583978474
1108,-0.3809555956339
726,-0.38127948084113467
488,-0.38166164599018404
1106,-0.3817133415256503
218,-0.3818816400373732
1111,-0.3830316066391629
693,-0.38323041516221124
366,-0.38366424861171944
731,-0.3846195596023101
1126,-0.38468732429595254
1066,-0.3854527570081763
1102,-0.38675843526256504
1053,-0.38851811917146967
214,-0.388808989399933
1104,-0.38912022878983094
946,-0.38937641144135154
1056,-0.38988809863974094
1052,-0.39183672743573933
947,-0.3920522189056678
1054,-0.39294308973365416
735,-0.3929612571414346
1105,-0.39311655902138887
1057,-0.3939826734808115
1050,-0.3949420251285026
732,-0.3953854124070582
1107,-0.39632320662559134
1059,-0.39733039616850224
1118,-0.39796464349029076
1070,-0.399187286134216
737,-0.39955898370532145
1061,-0.40011431601594505
1072,-0.4012056692309345
1127,-0.4017330560043977
1060,-0.4039941353559179
1068,-0.4041974131789617
694,-0.4048335294656256
728,-0.40509007633005795
1069,-0.40531186367509564
1125,-0.40582146655867557
1055,-0.4069402951330458
1073,-0.4077255754591041
1051,-0.40837673355825455
1074,-0.40862360450573715
1063,-0.409093118956941
721,-0.4091178294760867
734,-0.41153375267875614
1065,-0.41271236805061157
1062,-0.41295681115767335
749,-0.414272617547152
730,-0.41588899328639717
1075,-0.41604215302413705
741,-0.4162926817888645
1058,-0.4165214224900282
723,-0.4169194290585588
683,-0.4194424013517204
953,-0.41951156306643506
750,-0.41966621806947
1067,-0.4196971750081873
1064,-0.4227149231422752
1121,-0.4237371267230474
825,-0.4239984557927605
687,-0.4259968334484482
724,-0.42795680459758945
948,-0.42937640861357984
707,-0.43212003680754446
1071,-0.43747381006178226
739,-0.44006049823183885
216,-0.4402331584164499
949,-0.4403933325022909
400,-0.4438031357437495
751,-0.46387187216030495
950,-0.47030209614728863
952,-0.47327645038304594
736,-0.47603151027384255
740,-0.4769208165955391
826,-0.47734815387425567
744,-0.48201092073772184
743,-0.48439428652393335
691,-0.4892650003305484
738,-0.49561940227186113
396,-0.501175106220597
951,-0.5066002945414344
747,-0.508623073877965
827,-0.5616529552502267
828,-0.5811116238998449
408,-0.5854041873296914
742,-0.5949683847919155
829,-0.6286505702484474
688,-0.653593862224124
830,-0.7418025222530926
