point,1338
1338,1.0
150,0.7990459672550109
148,0.7972324535087283
153,0.7923769207413094
151,0.7919582911553262
152,0.788040176722335
149,0.7799578906152073
154,0.7757372954805107
147,0.7719518921781354
336,0.7710789131575732
334,0.7617377676205394
333,0.7481547474160316
335,0.7478636768609989
146,0.7448201329936558
595,0.7420901140747006
479,0.7413138660504439
155,0.7412683494067149
216,0.741229300416911
156,0.7409586833276741
157,0.7408862871495678
596,0.7401280667201341
332,0.7393414159309916
597,0.7390338512499615
331,0.7377414289362801
329,0.734927668601323
221,0.7322217049107383
330,0.7320725244230213
328,0.7318256871899335
338,0.7299379424241021
219,0.7296537246014471
598,0.7279705583536629
327,0.7278630797228322
158,0.7275921560611324
593,0.7258379996551241
590,0.7239284508447555
588,0.7234438366540231
587,0.7225708218948926
218,0.7209545004457311
594,0.7196421584591954
592,0.7149406208747042
220,0.7146502102727705
160,0.7141430085919113
426,0.712199140896676
591,0.7103517685254883
161,0.709457152162536
603,0.7077121873911584
222,0.707532569113902
428,0.7074263615620592
427,0.705240530174885
599,0.7052323591686143
431,0.7051309652616502
604,0.7040847265685554
339,0.7026620568274707
347,0.700052668370087
429,0.6997849667820244
159,0.6981756106535403
589,0.6955452660020023
430,0.6930013570176506
164,0.6919345697814182
600,0.6909159279099503
326,0.6901641993559102
337,0.6901489705582168
602,0.6888285525377151
217,0.6870642084585384
349,0.6870123166482339
601,0.6869975586068668
586,0.6848342474408405
507,0.6833330939897577
348,0.6831431778874064
223,0.6822172117035578
224,0.6814427226673108
425,0.6778478247981772
346,0.6704133737613093
605,0.6666443339873881
162,0.6661734427152368
477,0.6657195046816059
325,0.6609869629870743
432,0.6603348399936945
395,0.6591893661867593
309,0.6562366930477099
344,0.6550871609499977
350,0.6540971896000689
527,0.6538598264434196
345,0.6522483246711742
163,0.6519734118183762
340,0.6509423007348953
522,0.6495722796964648
434,0.6491023054633304
341,0.6475529646626113
145,0.6475387078044588
511,0.6468920294320013
394,0.6462416372828529
165,0.6460146798684011
424,0.6453653298697565
526,0.6448439774288375
433,0.6429624731609411
585,0.6427862924609142
584,0.6386187678014248
513,0.6373251674778347
343,0.6354370420750773
521,0.6348293564315396
523,0.6347383201808374
396,0.6338875252594446
525,0.6335724077285796
478,0.6323664694622335
480,0.6294700342738786
1195,0.6278731343059912
519,0.6272734780974012
308,0.6230622023107855
225,0.6225688869877648
570,0.6176010634349127
568,0.6152631751365824
307,0.6134890917404231
144,0.6119093986238536
398,0.6118319960952907
509,0.6036174064716266
397,0.6019715609017791
215,0.6010713521048172
514,0.5975019792960284
520,0.59443613787076
393,0.5925597231859341
324,0.5919649522151592
342,0.5908053175658572
606,0.589945230679814
516,0.5897175442699214
1273,0.5875439051183747
569,0.5869159878129158
423,0.5866861667856679
571,0.5823624289521427
310,0.5818397011094719
226,0.5816994944120876
407,0.5800261656389109
399,0.5740268311746655
166,0.5695277347133627
528,0.5693290111433029
351,0.5686601787628468
510,0.5684226494209964
530,0.5676818001745336
518,0.5666269306775507
512,0.5651231385847186
168,0.5632825802850684
481,0.5612114742882184
435,0.5596703977871145
524,0.5587647053538364
517,0.55663846630477
476,0.5478596552383359
1272,0.5460552441655141
392,0.5442463915048718
405,0.5434449519622676
406,0.5428602855122558
404,0.541539577724072
169,0.5413600098159242
408,0.5383018894496635
572,0.5307873904995837
583,0.5282658211001138
1270,0.5260580958381607
515,0.5246362851067868
1207,0.5224902891200148
1200,0.5204150650437147
529,0.5196853169267199
214,0.5145069289696008
143,0.5135750763337811
167,0.5135744419945746
172,0.5065205382172391
1202,0.4980612038217168
400,0.49469077740682427
532,0.49288532670513063
1271,0.49068917056846184
352,0.49021709360578297
171,0.4899795975736988
422,0.48582594295921677
938,0.48280502062913944
607,0.4825484814961966
323,0.4821717789958916
533,0.48138485619407695
316,0.48020323840402857
401,0.4729191095244006
1275,0.4702819116581636
1206,0.4700077763700419
436,0.4683839065188634
170,0.4679069886886873
58,0.46485987631758674
227,0.4642362897722828
999,0.4640740560310496
60,0.46301788800717125
789,0.4593197991014036
59,0.45907591680531756
1282,0.4564919742564773
1211,0.4555063879598714
508,0.4517571581495128
403,0.44366758418277236
239,0.4396785029130123
56,0.43960701298745947
238,0.43959524288909935
1274,0.4368359273333996
531,0.43588597297980025
1208,0.43240694554908937
1204,0.4323392188594502
318,0.4317105521855506
306,0.4316864762795702
1194,0.42843885447198504
582,0.42684713439029204
57,0.4257588388376964
536,0.4255738840496713
237,0.4249708805227025
1212,0.4246644051087664
62,0.4195403273393455
1189,0.4184753045441764
1284,0.41835602991568327
142,0.41814853453912476
236,0.417745991187261
63,0.41746070810594843
61,0.4160191795267503
287,0.4139198860229902
211,0.4127972678085742
64,0.4127884616797012
235,0.41045097630962557
55,0.4103289221724046
437,0.4073917285769733
54,0.4059598891939912
954,0.4022725111888914
1281,0.3997690873029354
317,0.3993019404424667
285,0.3984642192657287
1199,0.39633517439020083
409,0.39077477809981076
1280,0.38850676001395723
53,0.3881048149798489
65,0.3841117983025878
173,0.38182035265988473
213,0.3793378792150942
421,0.3772066987729522
1113,0.3771923128326172
1184,0.3764021603756537
286,0.3763236733008784
1203,0.3721646301159457
1279,0.3715037788126162
1209,0.37018713959569566
68,0.36818813565033354
1269,0.36773976245584383
537,0.36631501768634095
573,0.3645959758747082
992,0.36379482213581427
402,0.3627198948596582
322,0.3584170333428213
67,0.35833425040349703
1219,0.3580671220871397
1278,0.35780515619177616
534,0.35526675620509796
1191,0.35251517907364505
240,0.35114429495180505
1112,0.3495669980589968
311,0.34945970234764256
662,0.348321945451552
315,0.3476529150216493
353,0.3476315221311381
234,0.3464450623128225
233,0.3458840956360897
1288,0.343652315188429
141,0.3400449840594625
608,0.3399722377405007
52,0.3388461766838602
319,0.3380817398952808
1073,0.33581081387860967
482,0.3322601113180913
1217,0.3287483068356828
66,0.3280120493211351
961,0.327784278376977
475,0.3273467213284855
1105,0.3273286366868531
1192,0.32666898978343967
69,0.3257289936633228
1276,0.32544676951856455
535,0.32215246772856887
1012,0.3221501337517278
51,0.32087787611766994
661,0.31980338706035016
1190,0.3160067395912186
1214,0.3156529308378491
505,0.3134436163388892
1197,0.3112971090497495
663,0.3102869277185941
810,0.31010673563876373
970,0.30774210434245647
210,0.3049491445124711
1285,0.30483225863757984
438,0.30140052219394226
792,0.29957753512135277
538,0.29791061358980586
321,0.2966591889304073
1180,0.29631770450568384
740,0.29159616124249044
732,0.2898225824425296
410,0.2885537999463695
660,0.28783309846604094
1277,0.2870228970028448
798,0.28689071177020664
1082,0.2864612893755163
1186,0.2851201875450022
1178,0.2836234762236763
208,0.28255104248087554
734,0.28185220476835543
1181,0.28068992658221814
506,0.28060505675401565
1287,0.27923749212520765
1079,0.2788519571063035
391,0.27799277316484755
925,0.27750168277819026
1266,0.2774867768854593
581,0.27747892348372993
50,0.27629664335060156
320,0.2760171652616747
1215,0.2749058021166889
228,0.2722160409788375
1054,0.27189407547025424
731,0.27106529552862035
212,0.2708810161177286
1196,0.26917118327626444
1187,0.2689771520690257
959,0.26803968866583266
733,0.2665674018779146
1080,0.266212951136419
1267,0.264662300888411
738,0.26355884961609827
736,0.2630962430780321
231,0.2621467629835821
793,0.26186608940238704
49,0.261106726762801
1110,0.26079264345951947
735,0.25842663631895707
737,0.25697925705285735
730,0.2562319497886934
1283,0.254758731177004
739,0.2534028142361595
741,0.2519096421603537
1205,0.2511412508054336
1097,0.2500025101835982
742,0.24880183868570308
744,0.24693873807234865
1286,0.245750753453568
751,0.24403151979400184
1157,0.24125720447867546
567,0.24005009001920613
420,0.2379240988565988
1268,0.2374105357453892
289,0.2370272054783129
1198,0.23644527655713204
229,0.23169210081586472
1007,0.2312403426215087
658,0.23120883466896147
1289,0.2308013543771877
745,0.22897486352953741
1325,0.2289214930164482
664,0.2287904866165027
932,0.22849482557549283
1176,0.2280708395661671
1218,0.22749415430200157
944,0.22718866641999777
140,0.22587624674587067
729,0.2227759412038603
1024,0.22245319903657437
539,0.2205648231407295
81,0.2204698395829403
963,0.22025684858211653
800,0.22016684416267482
1100,0.21906538441577222
669,0.21809771257682437
288,0.21749052365664814
1010,0.21735188982916825
794,0.21485161447987974
48,0.21456115088582786
290,0.21418312928442648
1170,0.2130848026491583
284,0.2128876332700272
1174,0.21275729122811599
209,0.21267350271511754
942,0.2119334197437739
1151,0.2109429820368816
314,0.2108722786735867
728,0.21023758329536663
950,0.20921011718648633
232,0.20864265377904823
540,0.20817788501329143
411,0.2076109249744475
748,0.20738327796261655
242,0.20609601939264482
743,0.2055752712936775
753,0.2055180032954466
1220,0.2054794054491472
986,0.20428634959047146
609,0.20374605681446764
1039,0.20269444719799773
1188,0.20253380315897804
746,0.20195064298916296
668,0.20144604708463532
174,0.20023363024064558
1320,0.2000327781308438
750,0.1990154243788822
76,0.19670600301208946
71,0.19662187421518532
667,0.19655138499418337
752,0.19627262731290582
749,0.19531449934018316
1313,0.19527683935769466
354,0.19365120299452152
670,0.19244195493610297
747,0.19177235251106525
727,0.19173296838249201
1002,0.18882578105062284
805,0.1875788669578329
804,0.18385142477488162
1070,0.18308784470551592
949,0.18158957739448037
790,0.18152937476160222
312,0.1807767407919713
175,0.1801891938776484
85,0.1801280188037112
1173,0.1797258132178736
726,0.17775486745340977
666,0.17684894736733572
659,0.17573274040767076
808,0.17428751518806587
541,0.17400131280302744
1150,0.1710588037800059
757,0.17045691118784212
806,0.1693708202093721
47,0.16914153381486555
230,0.16731457184068707
671,0.16509642247469264
665,0.16508886411468016
754,0.1647460937967899
759,0.1645561662723854
1163,0.1622886189459828
46,0.16158104034500806
549,0.16122134550939676
1193,0.16030754371151712
1201,0.1598967670275934
725,0.15733457257858713
758,0.1573080502144395
177,0.15680540237977733
1011,0.1538859073936738
969,0.1534930252532419
802,0.15260683129319982
1161,0.1519475231372492
580,0.15177328270654378
207,0.15066249551694008
241,0.14977181341514448
1221,0.1477597035579432
1109,0.14761685913286318
313,0.1468309994026367
610,0.1468033451383934
390,0.14621030509162375
762,0.1459617402206058
760,0.1459326583517778
1004,0.14550025211722867
755,0.14522860334185086
74,0.14484761928182896
1114,0.14451766276295405
764,0.14450938409749142
756,0.14283631241906755
1290,0.1423931220408433
1179,0.14214328187920722
655,0.14028691781180747
724,0.1391830178319972
1265,0.13892347878662564
1094,0.1386621057083552
674,0.1380551127732093
1108,0.1377923197036065
965,0.13764713682328322
550,0.13761355676361017
1062,0.13684702523910727
542,0.1362082620151465
966,0.13479006902008203
763,0.13186326449706057
962,0.1318457808069232
1068,0.130709772534919
419,0.13066877547776146
941,0.12973203177966358
673,0.12891129491395795
548,0.12708836073077445
1058,0.12577167582727888
179,0.12537588781025882
786,0.12481110126378654
1065,0.1227961268620091
723,0.12239228370709175
413,0.12210270799322771
1102,0.12205799764325562
1092,0.12078106579537035
678,0.11962073458871945
761,0.11953587507092144
799,0.11891932311114087
948,0.11556297326280941
1037,0.11496780300501341
765,0.11427289094705305
1213,0.11371050150256923
412,0.11224727883977278
440,0.11199309933006713
722,0.11159380742453126
801,0.11129687700541649
809,0.1112018450408642
991,0.11041207920612314
1318,0.10731543685593103
1291,0.10648866779810444
672,0.10526515456863761
45,0.10493641133190902
546,0.10358909487965129
97,0.10351880741349405
788,0.10316586680757064
813,0.1031567964111945
545,0.10263168742493625
785,0.10243427579808216
1078,0.10216495151583109
1074,0.10101071455260208
910,0.10012901498658557
1171,0.09856785431632661
721,0.09854693414076218
547,0.09817791765323362
1152,0.09472286048235011
719,0.09466013927512171
720,0.09411139063209314
1090,0.0926562089857893
1134,0.09191546652055468
770,0.09173208068877618
676,0.09128114578273458
718,0.09050133499461004
1060,0.08970524638438064
982,0.08963149305485735
1101,0.08851521387040337
611,0.08817296556924309
1077,0.08760353527958366
807,0.08744255259912481
1115,0.08743007075991824
1063,0.08617261829015367
768,0.08547617963883197
912,0.084886474159631
716,0.08382649320832687
101,0.08347783586520768
717,0.0826846482371643
803,0.08214768032156289
766,0.0809704301027685
1185,0.08017749208793448
80,0.07909200785991867
771,0.07880337501115878
715,0.07872344172803775
957,0.07844093719840263
178,0.07843223513363125
1210,0.07842348253644583
1085,0.07824963078110352
681,0.07740297918249879
811,0.07724949861633784
385,0.07655421301198427
714,0.07649969401438367
997,0.07355194551095993
439,0.07142415415779249
975,0.0705324903482493
418,0.0695245697965156
677,0.06850325331704075
979,0.06833583787432804
968,0.06805884637464694
1172,0.06733614440551143
1140,0.06624510257613289
682,0.06521219881747813
1155,0.06395794295093357
70,0.06356878385358783
417,0.06297676144744466
1018,0.06264680530769183
679,0.06199237968135194
384,0.061931524001960336
1087,0.05941258003803282
973,0.05939462461651339
782,0.0593129217575658
612,0.059229636149765286
985,0.058751261884918915
552,0.05864258782782073
713,0.05823669167168132
778,0.05746678120587738
767,0.05528564254552279
1083,0.05356735870409455
1095,0.05284504878524359
1091,0.052560397572570076
774,0.05083438504153254
1182,0.050790296758776735
795,0.0497629995932007
684,0.04925762019358827
797,0.048163833267231504
44,0.04800145273405728
773,0.04584714513560019
1014,0.04543733608771056
712,0.0450793511475199
1088,0.045076199225713556
675,0.045056831731715895
253,0.04416778326137114
689,0.044002133265987675
176,0.043109477611709815
73,0.04275867942221274
952,0.04260167176631723
687,0.04099447453281357
772,0.04065903148090216
1067,0.039666440210150984
1159,0.03944675590613004
1061,0.03831678702825026
551,0.03791450661205108
107,0.03744854159807038
613,0.03720120398052153
657,0.034856251849441876
283,0.034386869892680375
86,0.034131402932029986
443,0.032976671607947323
913,0.03288211637648418
386,0.03244388568358807
483,0.032352673480522044
1164,0.02978945962287914
26,0.029675411905687878
983,0.029607396251199673
685,0.029472675381974574
945,0.029323181949133557
783,0.02875168999683652
1293,0.028741877666714585
776,0.02823810259924127
1009,0.027340708268208856
690,0.026820138488477474
43,0.02628741938020743
544,0.02475252197221345
566,0.02362592932465016
24,0.023615309082271024
711,0.023378614015615244
1038,0.02240531802858586
981,0.021955212355324813
1132,0.021896507003218678
780,0.021664028197869577
955,0.021262035353547128
708,0.020074393567800962
686,0.01974634968310231
709,0.018686887830808484
25,0.01749610114663232
414,0.01708489609343116
784,0.01668539580000811
355,0.01629306636446763
710,0.01625299208373994
1160,0.01581961020909103
1310,0.01531676177571703
243,0.015053888839367795
680,0.015038566887899785
291,0.014977859488560449
1003,0.014907112523369471
1086,0.014338171583605149
1093,0.013987278819763289
683,0.013440120196882465
441,0.012965742584603845
1122,0.012472192171334948
929,0.012397984557027534
23,0.01236134478009402
1139,0.012036346494218603
543,0.011681129930630111
688,0.011646888568668913
474,0.011510477960027035
1099,0.010137658991312989
1323,0.009457570141898995
78,0.008938434735401186
20,0.008707407678334824
691,0.008649039282825757
1307,0.008588311720571517
1040,0.008510595509221307
139,0.007832459269461696
42,0.00776815402969841
1119,0.00668346158315182
1089,0.00579104072895336
106,0.004748751661817904
27,0.0045729885538766234
775,0.004099028665740837
96,0.004080750462797144
1154,0.003970008197250172
960,0.0038406367975907948
614,0.002196510660451561
1175,0.001494817234833282
22,0.001162135751025717
781,0.0010842931278869919
383,0.0009673100126801466
1075,-0.0002573387219466226
1015,-0.0017046531758812768
1315,-0.0024891577465922243
504,-0.0024978900734443556
1128,-0.0025262562569028798
574,-0.003385201331211851
654,-0.00426131460693682
1326,-0.004410842820323276
28,-0.0044703863915459795
937,-0.004986170430037341
206,-0.0077293926546831895
19,-0.00836077802747068
305,-0.00918460574368096
1025,-0.009736513032231192
1167,-0.010496359636257023
656,-0.011699473962948362
21,-0.012715280097109025
32,-0.014092499879212298
1324,-0.01424007607226704
75,-0.014914414415098633
29,-0.014996356164023804
693,-0.01522151611657536
1022,-0.016192187556107095
579,-0.017136739003034234
1131,-0.020364226607436482
1137,-0.02071504847580012
704,-0.021097951976588723
34,-0.022407635056817938
931,-0.02258892306530731
33,-0.02311377783923679
18,-0.024165112665689145
769,-0.024246142073137775
102,-0.02425874529987453
1056,-0.024336087698989897
254,-0.02449617240715694
553,-0.024825325034022926
1107,-0.02488073421394453
30,-0.025946115962174138
1032,-0.026093403154243727
1327,-0.02681071588459393
95,-0.026932875468417692
705,-0.027095056722207717
707,-0.028744287782959576
1306,-0.02941400132969152
37,-0.030725367350710676
1104,-0.030965590462162552
38,-0.031209743226804722
1168,-0.03221706221033618
924,-0.03303242472763175
777,-0.034895280054792276
40,-0.03502915354865992
35,-0.03574300464053248
615,-0.03596858410613713
100,-0.036176945255849524
996,-0.036260083215151576
694,-0.036739515462437214
1098,-0.036741834331355895
1294,-0.03749222022976605
389,-0.03790130011023398
915,-0.038408295022601506
1295,-0.03861872269789428
701,-0.0390788288371763
1124,-0.03912806492774162
1148,-0.041261363110569854
16,-0.04137875689032898
245,-0.04176955712414277
17,-0.042067099930583926
927,-0.042086037864767445
930,-0.04211253213766335
703,-0.04238476134097715
255,-0.04239763460526737
36,-0.042463109742102295
1071,-0.0425970974173197
249,-0.04292455510171198
699,-0.04305274451614007
1072,-0.04352395319162255
39,-0.04368864722749783
1316,-0.044101254793640896
702,-0.044460959632040345
692,-0.04460741138549697
617,-0.04521788075743599
251,-0.045248631004668964
1044,-0.04569199137223048
653,-0.04614536075011088
31,-0.046208738137009826
41,-0.04658755502184105
93,-0.04679270899219828
936,-0.04689139590927585
946,-0.04717785149525317
700,-0.047691640241461004
1031,-0.048652718800134775
92,-0.049629411858882144
919,-0.05001381929885278
796,-0.05004508347753977
706,-0.05025417941677985
415,-0.05091331345060326
1309,-0.05165339775151928
15,-0.051812423734591176
616,-0.05275812110554479
387,-0.053335135810047785
94,-0.05414312312271893
1106,-0.054949365759122654
651,-0.055659593837260136
812,-0.05631880580863359
814,-0.05700883583691636
416,-0.05752330200475243
250,-0.05807782411127488
1312,-0.060854910558149664
696,-0.06139241619708372
1329,-0.06180017727399618
1120,-0.062235760874956386
382,-0.06393866154844699
951,-0.06402170410232401
1123,-0.06650686370903901
650,-0.06656920916922221
695,-0.0670403447234403
905,-0.06704604428958466
618,-0.06978570916945374
697,-0.06980520774392673
1051,-0.06995685488865785
1008,-0.07157757880516875
575,-0.07233943685727845
87,-0.07273217185092776
698,-0.07308684457926107
6,-0.07379361022713976
138,-0.07394982257455975
14,-0.07402126555460659
990,-0.07489237434114805
3,-0.07575956988154284
103,-0.07614118120475351
1028,-0.07650557200137506
1169,-0.07650978408886851
1084,-0.07672144691038195
1050,-0.07738906902933271
13,-0.07900869571836869
82,-0.07930056386055773
388,-0.07989254867755288
77,-0.080059252277867
7,-0.08086173934665125
1096,-0.08201364042263908
1,-0.08234698275615628
787,-0.08271924074714587
5,-0.08298398337848957
1328,-0.08399400188316554
943,-0.08423129208297159
4,-0.08714303859210118
11,-0.08828984304127925
98,-0.08837352664428172
815,-0.08851012272464694
442,-0.08871557499202139
2,-0.09130811574480405
554,-0.09174279210319451
8,-0.09262673497509041
10,-0.09349800271858517
9,-0.09375575061768615
1183,-0.09399372210690055
12,-0.09416546479132437
1130,-0.09436352365661224
908,-0.09475704653397793
555,-0.09514814659114784
1153,-0.09561740202379489
1026,-0.09793104615025461
1020,-0.09899982967256665
79,-0.0995064227398622
1117,-0.10055970990344697
987,-0.10214225307181697
909,-0.10248394664295532
900,-0.10379520750476184
72,-0.10446806468517918
779,-0.10549671226296915
1298,-0.1056865862473992
252,-0.10576812179424336
257,-0.1059501445609839
104,-0.1061516840827332
1331,-0.10669966791563419
834,-0.10764792201839175
896,-0.10790715353237483
1059,-0.10899540524924918
1006,-0.11064678243664525
292,-0.11091868875282465
1016,-0.11124867805778368
1216,-0.11140637346768241
577,-0.11166128828451553
964,-0.11625556279485422
1145,-0.11793801115898284
619,-0.11831383257584285
0,-0.11850105771239487
1304,-0.11870215174743697
89,-0.11937161863488721
578,-0.11945387321309549
1047,-0.11978564327418646
564,-0.1212372255484785
967,-0.12321958927281931
356,-0.12397128046031422
1138,-0.12433573535543378
933,-0.12457289950702258
940,-0.12504692595623107
1042,-0.12614097444650837
84,-0.12639285565469252
1292,-0.1265607767739104
1013,-0.1284116941811068
888,-0.12878405074128318
1066,-0.13113556613785657
866,-0.1312129069170179
1023,-0.13136944049829422
1001,-0.1345611675098303
1111,-0.13554882912660776
1121,-0.13562526714050874
1127,-0.135708184417976
874,-0.13846795028806017
868,-0.13865815352749844
246,-0.13932348635491143
1081,-0.13954634695756174
1057,-0.14003943890684983
880,-0.14051277950792712
872,-0.1408840221296785
1069,-0.14129075318898496
882,-0.14200090208573496
884,-0.14251223397313612
978,-0.14273604822789682
1299,-0.143670794187225
1297,-0.1444392112935787
557,-0.14520329593527748
887,-0.14541758815966485
558,-0.14565907222646104
1146,-0.14709733153458593
1049,-0.1471042036562706
916,-0.14717461637810694
876,-0.1472737326207597
91,-0.1485334177742519
846,-0.14909981640673026
917,-0.14969225679033626
561,-0.1498778627691219
559,-0.15105585524497223
891,-0.15164063222720328
469,-0.15211157681532025
244,-0.15260805508292838
1224,-0.15350661184820003
976,-0.15357549857307967
867,-0.15367870896637326
935,-0.15378575177033713
247,-0.15452644617127775
877,-0.15531083116684954
99,-0.1567039865806517
994,-0.1568832157646549
1317,-0.15700787714854092
1301,-0.15722460364360882
1045,-0.15733668882041282
562,-0.15733903111572453
1162,-0.15776774368603008
953,-0.15821947193163152
563,-0.15855165390408196
1156,-0.15919512889964274
1223,-0.1593867658847345
860,-0.15968737447346987
1129,-0.15992686674803636
560,-0.16040252272744454
842,-0.16101164785521724
1158,-0.16179011594217788
898,-0.16207746512742857
1322,-0.16237626503649086
1305,-0.16240432367491314
863,-0.16413430037888782
864,-0.16445978773477024
840,-0.1647989095312044
847,-0.16512561356713942
1048,-0.16514508232017341
893,-0.16534992355613698
850,-0.16540957178853222
881,-0.16594385415840424
198,-0.1662739467484458
444,-0.16630311456416447
381,-0.16635649194701774
871,-0.1664108575411869
137,-0.16699771740817643
889,-0.16801312642714353
260,-0.16805186938565603
857,-0.16814426075670758
885,-0.1691319796789152
855,-0.16923325638656042
859,-0.16969516669521195
248,-0.16978450613183252
862,-0.17060941356812986
620,-0.17095799669108971
858,-0.17108386405323567
878,-0.17145211328901727
998,-0.17203289572780045
1330,-0.17212608272072605
875,-0.17285952941154586
853,-0.17302323171238967
1300,-0.1731761554133625
1052,-0.1737146815810143
852,-0.17381548874565655
1177,-0.17439541945322792
854,-0.17499561145798684
820,-0.17539179362462226
923,-0.17631013150862382
205,-0.17706244269287197
892,-0.1777716007652731
861,-0.17928268441334702
856,-0.17930341997303054
473,-0.17965210080475924
902,-0.17991081962206526
890,-0.1801965953216242
841,-0.18026935372355893
883,-0.18048243995195393
1125,-0.1805430088264774
870,-0.18069341426174848
1033,-0.18113785320212433
894,-0.18129635636782634
845,-0.18209251009056143
1296,-0.18236228764071707
1228,-0.18337097721142362
1144,-0.18337359955826862
556,-0.1833759803605043
865,-0.18388754295321938
869,-0.1840343221912883
848,-0.1844484724248098
873,-0.1853017491102812
1302,-0.1857260722249863
899,-0.1867709833882118
835,-0.1872632362021903
1166,-0.18750011267950295
1027,-0.18781797053672025
466,-0.18816321182586968
829,-0.18942362886196867
1337,-0.19086783842934643
837,-0.19181778278660072
1321,-0.19277028615856098
851,-0.19283873103811924
833,-0.1930942531310693
1103,-0.19453608028124794
445,-0.19514032014388727
622,-0.19671788441696897
895,-0.19753873002264594
111,-0.19759547881808606
903,-0.19813108801987767
886,-0.198199020299675
816,-0.19899133950464012
832,-0.1995866878392907
621,-0.2003826891405505
565,-0.20143659998816763
843,-0.20164344017316416
1319,-0.20175457801647295
849,-0.20191111693526806
984,-0.20203082599107797
825,-0.20344507172471574
1036,-0.20695246866296862
838,-0.20785461358344706
844,-0.20869292344747223
1029,-0.20886170129614107
901,-0.21015226551251948
988,-0.21016251839621397
958,-0.210584742033903
1222,-0.21111681945997823
135,-0.21147099915255058
256,-0.21166933367607652
1308,-0.2118159685143219
1147,-0.21201620495866536
828,-0.2126270314130104
824,-0.21273556210627387
357,-0.21421047371535792
836,-0.2143440112645012
1303,-0.2160064530831016
1226,-0.21622685251660403
1126,-0.2169964408767452
904,-0.2174008661949064
827,-0.2178849010019933
180,-0.21795980583839583
995,-0.2184607885035998
1055,-0.21980793477406765
1333,-0.22103419632319682
839,-0.2217913524233086
831,-0.221895864784636
817,-0.22250950013805804
259,-0.22251258029139695
1332,-0.22426616415378153
503,-0.22500561056113524
1118,-0.22587127948198998
830,-0.22787754121643194
897,-0.22900064002373327
105,-0.22934179493049853
181,-0.23029452013793178
467,-0.23077543964383992
879,-0.2322887007770271
971,-0.2332691198916693
1034,-0.23385529384338632
108,-0.23427763515156122
1017,-0.23605481691190755
1064,-0.2361557173766429
956,-0.23737615210368604
83,-0.23802569523093836
826,-0.23905604017678278
358,-0.23978858504202089
914,-0.24006101772329716
1314,-0.24081520661829006
380,-0.24208109027706004
199,-0.2423453061917138
136,-0.24510596635713744
939,-0.24590123824329294
993,-0.24684989747427713
1335,-0.2468516804355232
1264,-0.24771306614650782
926,-0.248213131474028
1116,-0.2482997523823553
823,-0.24869914887948977
649,-0.24910235483047144
363,-0.25401294914175454
906,-0.25405294429748804
450,-0.2550405215114945
282,-0.2556809630083358
1041,-0.25598910274119985
818,-0.2571526120061665
1263,-0.2590979857847373
204,-0.2592877213871572
182,-0.26034872903985806
90,-0.26109687320349717
1053,-0.2636631228324079
468,-0.2678870910260971
134,-0.26795275168910304
1225,-0.26902091265524336
261,-0.27076128649509135
791,-0.27339359432282717
484,-0.27375167318755766
1019,-0.27405803573850607
922,-0.2746983759871717
821,-0.27561071961933026
471,-0.2770363172201998
258,-0.277702924891514
918,-0.2794379469092564
470,-0.28035340449071894
449,-0.28141535344878105
928,-0.28270900134370264
1227,-0.28348324464670815
1334,-0.28402325595899586
1336,-0.2850356248707822
624,-0.2853037600838186
109,-0.2865355948952765
502,-0.2905437256729542
623,-0.29245421066558486
464,-0.29320821152097615
920,-0.2934196198418031
1262,-0.294904339387654
1046,-0.29585093371579174
304,-0.2962379710869568
947,-0.29638880407902246
1143,-0.299817297293049
183,-0.3023625991018877
110,-0.3048812115618803
911,-0.3056020307914223
1141,-0.30569806314248993
197,-0.3066626185610949
1021,-0.3068196013439107
576,-0.3070793603389419
447,-0.3098270850692805
448,-0.30986121249351356
194,-0.31518523373975155
1165,-0.3167749335432973
191,-0.31710081297792275
907,-0.3211871353661654
303,-0.3216826904106021
1311,-0.32533377819407855
1000,-0.32894547295512494
379,-0.3299970605592732
625,-0.33284126484019033
1030,-0.3345712454869247
1035,-0.3365206718335702
626,-0.33720227473597314
359,-0.33903842630994924
934,-0.3442478632811222
974,-0.3459056684310662
1076,-0.34690329925567676
1149,-0.3473534068658836
1229,-0.3476019895629341
88,-0.3518575237261614
364,-0.3524411986851226
190,-0.35273811438533864
652,-0.3527757023791575
472,-0.3529084535939857
451,-0.3535851964222896
921,-0.35444134390615367
822,-0.35515129945352836
360,-0.35599833255853963
279,-0.35722118002892295
1135,-0.3573956810237823
977,-0.35901628699263766
262,-0.3590874537729844
1230,-0.36096360128172283
203,-0.36323937100506104
192,-0.36676243605543474
187,-0.37177217588302397
195,-0.37281016226210006
196,-0.3732455282395646
132,-0.3738171660987475
446,-0.37415899965864796
980,-0.37445273835451476
113,-0.3761175448713296
377,-0.3763639452944528
378,-0.37719854352901167
114,-0.3775033068981919
1232,-0.37999131670803
972,-0.38068824891610575
189,-0.38134408341162973
361,-0.3885172402541674
465,-0.3984241006340947
362,-0.3991779165667063
1043,-0.40378532422882646
1005,-0.40637980844247396
648,-0.40809717122857775
501,-0.4083449478162449
263,-0.4112956258606847
116,-0.4244045435514039
366,-0.426429603679021
112,-0.42764543986653625
276,-0.429047577939375
375,-0.4296167237923706
1234,-0.4311982195351259
301,-0.4325833880562413
376,-0.4334233249975567
281,-0.43703022905519534
374,-0.4413251910389113
280,-0.4415175106054169
1136,-0.4422417005332959
455,-0.4427637055313242
365,-0.44285816632868663
193,-0.44304397088198777
370,-0.4455421139117022
1233,-0.44597069733813066
264,-0.4474621510255162
1237,-0.45195245026298353
200,-0.45198739889648654
120,-0.4533011833916762
372,-0.45504513751132053
646,-0.4568309265305904
293,-0.4584377316423149
627,-0.46062730777927696
373,-0.462577201016563
819,-0.4633058544261261
458,-0.4637958502193863
452,-0.4655919944023349
367,-0.4670129014288891
277,-0.4686628723414848
201,-0.4692646980858785
184,-0.47057020161151925
499,-0.4730521463577834
1236,-0.4754052044497855
1239,-0.4760260531440184
133,-0.4788384536814204
1260,-0.4796495640863772
124,-0.48202070401245245
278,-0.4833900243278271
989,-0.48359183859162147
1259,-0.4841571170110734
369,-0.4879261729067701
186,-0.48907424595318466
1261,-0.48922888546287296
128,-0.49054766330369176
131,-0.4916421374678262
188,-0.49237032130577046
1238,-0.49571005753313124
1258,-0.4965294450038554
647,-0.49657554231700785
123,-0.49813036277997413
302,-0.49872737346947854
1142,-0.5020458328828923
130,-0.5020573912684967
1235,-0.5025009856673752
1133,-0.5033785425077405
1231,-0.5065422493301305
1241,-0.5088347340262418
457,-0.5103144991289171
368,-0.512247162377712
275,-0.5124744412246497
638,-0.5142746867833307
122,-0.514432658676579
1240,-0.5149197546584263
1242,-0.5156184109812175
1257,-0.5189396051853672
1251,-0.5228144334592983
1244,-0.5235817431826347
459,-0.5251205441418467
1247,-0.5287104284828216
1254,-0.5292314981703538
456,-0.5308986652072134
500,-0.5313860217459178
1256,-0.5329778409379063
118,-0.5344978429627933
1246,-0.5345420369446839
272,-0.5350519846148629
1243,-0.5356469848922774
1255,-0.5359289202070795
269,-0.5383172454344614
1252,-0.5391457901526819
1253,-0.540706625117016
644,-0.5419995748674584
127,-0.5429661152467021
1248,-0.5440322332710397
639,-0.5441227882933837
1249,-0.544203387653738
371,-0.5468046589525075
125,-0.5473341258148502
115,-0.548492029925347
1250,-0.5502727893305299
300,-0.5512391386902947
117,-0.5519148897515215
1245,-0.5527626110007061
126,-0.5577815095919062
641,-0.558232801477565
633,-0.559806497630645
185,-0.5620448467587221
629,-0.5659523587014893
628,-0.5722052568026914
453,-0.5730215755694854
121,-0.5796215540726615
267,-0.5836213702700893
266,-0.5864605326444278
129,-0.5933651195844465
202,-0.596422614735097
119,-0.602308255130072
642,-0.607241065408512
294,-0.6074119795546767
273,-0.6089604813364121
298,-0.6103841081926841
274,-0.6117619536665594
461,-0.6154564097901549
463,-0.6172162966713358
645,-0.6230578100532916
268,-0.6281675641884987
643,-0.6282652640155734
265,-0.6292231217468578
498,-0.636250408720505
630,-0.6380553007661104
299,-0.6383268539751755
485,-0.640119080945208
631,-0.6413718082462192
296,-0.6438808688507673
636,-0.6591933567389174
497,-0.6645581333972859
640,-0.6666640806054481
634,-0.667497300445552
462,-0.6678699356135528
635,-0.6723639069880918
270,-0.6776879107885878
632,-0.6794740209657394
460,-0.684897981433554
491,-0.6886722188535914
496,-0.7018713653187699
490,-0.7034955374393318
295,-0.7041128365510644
486,-0.7044853218484445
271,-0.7055437122224155
489,-0.7082442522378695
495,-0.7104556758007039
488,-0.723347681279788
487,-0.7326941509323366
493,-0.7466021691930523
492,-0.7513389380998835
454,-0.7558474085270136
637,-0.759890410349373
297,-0.7600686054292427
494,-0.7793508721618317
