0,1,2,3,4,5,6,7,8,9,10,11,12,13,14,15,16,17,18,19,20,21,22,23,24,25,26,27,28,29
-4.80035299840162,-0.6606047468900451,-3.517841528313467,-0.709264155247616,1.4581030274880262,-1.3184165761026387,1.010878829608951,-0.805743204917295,-1.3487712444332165,1.0395262117789894,1.8975682711283386,0.20597788111774187,-0.6911893359852364,-0.4174342517106705,-0.40224612858421005,-0.14901868089812945,0.03298223847202693,0.5875188716433692,-0.2136360968395629,-0.10223628912206978,-0.17369997746133206,0.39177870461885494,0.17695273153766594,-0.10919179057606193,-0.2070201260702355,0.25670562137719777,0.026103622256414306,0.07796278866949091,0.18000197527129908,0.03921644059417652
4.058974043990383,3.8145311708182805,6.934327572695286,-2.104157375065613,2.0578469443045138,2.879614938394024,-0.017049775548745892,1.392991572324027,-2.494422160676252,0.7040975000469187,-0.7754258318885441,0.37131449124371857,-0.8353222361064155,0.6202974350492614,0.6308897565524174,0.6112046180485193,-0.45668112245268805,-0.27460077099683017,-0.16302397104146615,-0.05663252896486139,0.2737114633485177,-0.1424209171612047,0.17833309620100216,-0.10203744821170223,0.04029651545567536,-0.02114971913686032,0.01740945794125557,-0.3912060196420351,-0.3782791795994211,0.13755661758383148
3.9948261632519753,-3.626038116610508,5.198443394492177,2.1605230395097106,-2.700205752406182,1.7810587753337717,1.3166787510851752,-0.9840713471142329,0.3870614375548911,1.1432823415040516,-0.3379528422113795,-0.24472973039583187,0.06868474346618164,-0.08635703678437416,-0.22768025869570732,0.10765613555155064,-0.12895854332767684,-0.1299582498129895,0.00802255334273115,-0.013778411955205211,-0.4005712732261504,-0.09602161763314673,-0.4194666084967063,-0.1103278196041111,-0.018800384987060346,-0.19302260156816042,0.019396943071899122,0.4036035083391128,0.22678625499859556,-0.0502429948881108
-3.3411544189797033,-1.9355078046507312,0.8050137895472603,-1.5618384928667115,0.3201359103366764,-0.22648007534176193,-0.30289298574672535,-0.3583962364642979,-0.038495432693177685,-0.09976795013099699,-0.4191043711963119,0.09003703727623794,-0.14139744882605482,0.06255301852086888,0.20857008161986154,0.09737527575922096,-0.36988295080804984,0.22455010784198565,-0.01919227089170977,0.3218581235378986,0.2819876023855793,-0.06075409424790767,-0.08420166132343922,0.07804570234862424,0.05950491330833621,-0.23377899957392748,-0.11958001636092581,0.12801650791130156,0.14212640562577733,0.026759138781972044
0.21677809784932767,4.505529190945715,4.043023997518725,1.1496584350665857,-1.883773497266725,-1.9547045586053122,2.050648477549258,-0.7346074603727577,0.16037412001985446,-0.062349970803073314,-0.23611252048651404,-0.5796377641281684,0.25291623622576614,0.15919751236183552,-0.2878593527283536,-0.8248502841321261,0.1774048605004509,-1.2260363373609533,-0.47582005506129155,-1.0075651003024966,0.15049897711507132,0.3899458472834178,-0.5936066349123789,-0.11243795218199178,0.6213272135015886,0.4747568139271521,-0.1825921005050823,0.11763138387745409,0.052387790142191845,0.14655598154601993
13.307930925570503,2.0429098382765103,-3.6883784324662376,-2.1505077474309156,-0.37778607733547165,-0.75226597942375,-0.7134646814016871,0.7389970762645374,0.4400490967365305,0.36862508637276886,0.6312454656509555,-0.43668373816740175,-0.6019677579628906,0.5228835522739815,-0.2919264664526505,0.2136845286755178,-0.03206399236527741,0.28865400982155154,0.3898596986896238,0.0003865489677728484,-0.5172044625219943,-0.09166823067546427,0.07224573940953848,0.4787934339669522,-0.03236754457905852,0.5248430876454644,0.5372255809837697,-0.07123996712167721,0.03179588486166682,0.4081525387916973
-4.388057544027461,0.2271961714149082,-2.0798099516201156,-1.5635113923087347,-1.208790165947689,0.19158331524802413,0.8221799329917068,-0.23604324235140453,-0.19458986986526405,-0.42429282406993274,-0.45578150525931693,-0.012930651935768853,-0.12412612223444185,0.004963412157694824,0.37108024190093725,-0.07349549595447336,0.30829949371091153,-0.20309617479176378,-0.03782763617713873,-0.2224401781948035,-0.16413017651349246,0.08443057264677425,-0.01813281847198771,-0.01678734182249156,-0.04224190650233588,0.053479296351562886,0.1468171975016228,-0.05230777665764649,0.00981049143073574,-0.08595194092669592
-4.4823420718930755,0.036128109379844967,-2.2544323131944473,-1.627925630023701,-1.209219650254231,0.10298438949050572,0.6636738537442104,-0.23989756861761125,-0.045834501347331934,-0.5364954029170782,-0.004191663278573933,0.3623352997911812,-0.25472619751545095,-0.17369009460261867,0.21934014775954944,0.24350183437363318,-0.00489055111044428,-0.039077369926482794,-0.11853899813246416,-0.20386246997426483,-0.145088104594125,0.005577109799910766,0.06449714220914282,-0.06461310439916101,0.010527658642665652,-0.05253908532384888,0.2103841934641684,-0.054977471263756884,0.12330902906439023,-0.22876089219883436
-3.256120642060424,2.225314578602135,0.8779552526040406,-2.9880958504715878,1.45521248749244,-0.3356641491804005,-1.2563751690388676,-0.12325957202532797,0.5817207689376714,-0.28191198156580893,0.7737049955971698,0.4781598841664077,1.0704456800700866,-0.4025072678998325,-0.4173374802818466,0.3683891577030464,-0.2325308656379952,0.5571707460263953,0.15242545240750593,-0.0878233600172904,0.39639719912247456,0.03650077763399848,-0.02218682546988389,0.09464588803027796,0.03158413321709658,0.045843985651603025,0.15024559992375117,0.05680509639851218,0.2879422641548381,0.20436605813856512
14.16546491564315,0.9953479686550127,-3.2889102829996766,-2.1352665667877417,-0.5240631864859882,-0.46666180434243304,0.09873434510533623,-0.4426371192007186,-0.8988387464423391,0.09966105767316118,0.3700081424978157,0.6147590991255653,0.7942844552003703,0.7540242686229416,-0.3547333287293184,-0.028805440570867057,0.5029226552473662,0.5319830425304275,-0.13954708152685513,-0.20626656696504506,-0.17115382661443826,-0.5608799239892293,0.1967234495567848,0.013865146999953393,-0.1347416332410316,-0.2145824672815334,-0.27060690562811335,-0.04457811619136989,-0.23352077972867213,0.19494220981349095
2.460449781136107,1.0424488331034991,-6.155855824386178,5.270099870126511,8.252142180078234,4.491369823868345,3.1807979695415654,-0.8967792495206708,-1.0084960765056836,-2.6783145058937445,-0.8800732164373342,-3.068032293837651,-0.2166171024657357,-0.8498011018082896,0.25991174033089226,-0.2670183647122947,-0.20968739083940346,0.6354654286885899,0.6789466678771646,-0.2170245223854685,-0.059770523652830254,-0.20806627975498643,-0.007347416525458082,-0.12344082528187872,0.1683231462646652,0.057515816968756,0.0027850175778302566,-0.021312345161395643,-0.18449910092381333,0.033493640875043244
-1.9900551592552969,-4.190123852688569,0.4168142016902213,-0.05235784166103949,-0.3055283194471291,-0.3428031844952618,-0.09059090768792315,0.13499933219906526,-0.03530138251990175,-0.023593398805254295,-0.6768924713039078,-0.644779581608167,-0.5961872487012247,-0.021167965482669995,-0.13292058858533548,0.07866273047655475,0.06729996744932815,0.26791423346949095,-0.053364143535239834,0.1256549617051014,0.19643143030542728,-0.12601871656140404,0.20201261471407866,0.3877154850306448,-0.6080343428100483,0.36588454852962116,-0.14689120142625856,-0.1049871418907218,0.1001874078605514,0.12427496004895795
-4.92337034907429,0.20799997523431918,-2.1587168096397917,-1.4989357710672222,0.6652817696723471,-0.478470174553377,0.4085637031638141,-0.647195873245307,-0.7261361651719123,0.145427613793424,1.115035704770352,0.09814601751779642,-0.16632760846276765,-0.08213869496294027,-0.17266326941069568,0.07671627385344129,-0.03783189553087335,0.3073215815883436,0.076952542818495,0.22053106731909455,0.053734570086351546,0.5676792356025497,-0.3236390721473815,0.06489863175247766,-0.19748890373959954,-0.005892991990236442,0.041329966558725714,-0.29238123933185967,-0.08400828511701994,0.12268939352673279
0.9863011542846641,4.169175338489224,3.7829588788298167,1.645357184929373,-0.37416937473867024,-3.2695323781294223,4.388861031452771,1.3812972301510558,1.1905090854617755,-0.6466089269531563,-0.013596413147371506,0.5107700862790093,-0.009080798233718946,-0.3299801095073772,-0.12912659349353042,-0.2758044873762812,-0.61657343468632,0.47373050683466844,-0.07555638135573964,0.08670439602630614,-0.0871572349435501,0.002555892322941903,0.09675989659091108,0.023386483312643733,-0.1526546534954833,-0.14076689826218525,0.0819947463391015,-0.08799971045598869,-0.03251644718974763,0.003449793241926423
-4.398566067526616,-0.09980020235261534,-2.1913932441356225,-1.4216095897168186,-1.4532545012467544,0.3589987616141915,0.9785756292492166,-0.27288272846814704,-0.1383001297913098,-0.2416034878319495,-0.3276712475296162,0.28536424558626405,-0.3438277241797701,0.11643047510982397,0.3496341316669578,0.13234002151212634,-0.14838236136134764,-0.5518106359793458,-0.03142805657759486,-0.26204630835431275,-0.13030070910768143,0.06976357331347877,0.08660684663432355,0.13418748912240297,0.03201848237350696,0.061143194900630374,-0.08684257981654411,-0.02069846504187625,-0.15177323657815567,-0.10281748163576676
-3.6498418810915867,-0.33866150725902205,-2.2081460318112276,-0.2549647031429582,-1.7896608102770057,3.0940024449660593,-0.015884085359598694,2.0652064330680426,0.9845369747838909,0.4732144293505508,-0.050874217369074146,0.1886017308173667,-0.058154795706532716,0.5705293408994532,-0.15746312345399513,-0.06270053432576468,0.16793278616997645,-0.1470994160295362,-0.21634519924282555,-0.7642248903084747,-0.1287097162423888,-0.23802255919224075,0.17436333452024716,0.1343543920667528,-0.3987988476351253,0.5834443979038795,0.2428383474142349,0.37854011843791296,-0.4140066433609845,-0.24946755772081178
-3.1050738743265787,1.9370333843729692,-0.08721198586202944,3.208027672655632,-3.0622027995878094,-0.3916808976709452,-1.5078966090651083,0.5775598591030591,-0.5618332648971033,0.44037867905306755,1.1033883471380752,-0.33363707553406213,1.4749261780335472,-1.4260137923229135,1.4897740916974833,-0.2580348556683415,-0.041057059815602884,-0.7683477900876751,0.4476009636083519,-0.303389563181514,-0.05721819229440482,-1.002087634156252,-0.1189135120520766,-0.4485519490309675,-0.44525880770382703,-0.07422460076665827,0.013347396244413617,0.039186103726249005,-0.1486523930146003,-0.23677817387599973
13.699014803699345,0.8642891810922475,-3.373006307713382,-1.6690767285668646,-0.5084092333272298,-0.6072809079814899,-0.19065158930304732,-0.36326060483458955,0.4791415518852793,-0.285413198232259,-0.16206128310661438,-0.31442433747746545,0.5247841754912123,0.07628826712692602,-0.057376613980918034,0.5022422390509683,-0.09222611113347731,-0.13866671496619531,-0.052318533262311145,0.32978144675519283,0.2116977490599459,0.32775966426639397,-0.4203958677779331,0.35068272018055524,0.12681871379283502,0.34483557915262186,0.6100010136586566,0.2646499481806259,-0.22041266723669928,-0.08138947534272403
-4.416317220266757,-0.3105629191357714,-2.0479803561647407,-1.518519710806477,-1.283989642421444,0.13389141560281514,1.0165676321380754,-0.481925538925236,-0.4331285994308609,-0.22649674373363485,-0.39005164923314406,0.156580021323909,-0.2692552097519481,0.17295787707434618,0.19853001967822476,-0.06670666645204869,-0.05670925354955509,-0.43029122257065067,-0.10804564288832101,-0.05465924355459652,0.101820661980532,0.17334211795164822,0.03984161667058997,-0.07944151915558237,-0.0742038704308654,0.08216649238503489,0.048179397833191875,0.08927610905731494,-0.008065180951451915,-0.008471624119494793
1.3702646689572677,8.008041553143173,-1.045081309423906,6.711611805819752,-1.526266425585361,-0.3799947917180988,-1.79410001385074,-1.312347795015486,-0.08032534693021975,-0.563573047033091,-0.12709459800037065,0.4910268027886251,-1.035226095121539,-0.011978385413192578,-0.1749453047025894,0.28660009474223624,-0.023082030690805416,-0.21050962572780108,-0.2127550502808243,-0.20346827492096078,0.3113248364775547,-0.031337902940512724,0.5141876217984577,-0.18493436756875342,0.040703306178153785,0.14895916330830242,0.33260891660161135,0.13838667973158594,0.08739277422501127,0.1945559567965132
-2.912045568558973,3.9308408857130974,1.39597315578799,2.923908633246326,-1.641514290368484,-1.5869061179625457,0.23329647648219545,-0.1373991227307182,-0.9995484244880827,-0.11090852271500148,0.5179369229985296,-0.7300479305323034,1.0696606601956584,-0.5031212464532951,0.6221389634938297,-0.3095730474652039,1.4547395110969203,-0.0800908462376848,-0.19449278403527617,-0.6493888843592523,-0.12487755323923957,0.13970947622309052,-0.1255723614639621,0.0029363947544816943,-0.3249428150182805,0.24258386086911818,-0.18706416403154094,-0.2988780963877518,-0.09756973471474671,0.17568789683094496
-0.830931939818142,4.547931009372988,4.802874686222386,-1.065325458723939,1.633098193493704,-0.12724998469271873,-1.1899929235340343,0.7161879580597171,-1.3803701632833567,-0.6594274372549722,0.7610926769730658,-0.46280800157802104,0.5614528716863226,-0.02301285266468989,0.16598793955507973,-0.7490579440335153,0.6007465936127317,0.3708565275113734,-0.44132615526804114,-0.1022451652722332,-0.2560560832241863,0.2823189041186131,-0.010415399492416301,0.34277595843079595,0.04139047806646812,0.09284505803598156,-0.07806243088627234,0.15138583116635457,0.027907900013533132,-0.15376586798269112
-3.305493385012462,0.7924293045572854,-2.979698449719526,3.519141410140979,1.21016179124892,-2.0227513191086763,-0.021420179104150356,1.5165215469218907,-1.4111703502290176,1.8229471439274056,-1.7245053234733254,1.1650052197950822,0.008917513479887269,-1.3241357789704316,-1.5466838124945104,0.6293356277264543,0.6194372966378875,0.3900020707682432,1.4580071288500864,-0.6046939074647539,-0.2533540414867895,0.10504817417048157,0.04919193207168921,0.690383684526223,0.5542390729646125,-0.2710698820705072,-0.39898136874894863,0.3076789662230163,-0.2202862306000649,-0.24429691999318204
-3.4381035485551465,-0.4758444616416866,0.560929167308697,-2.4200917205031387,0.16109562044962816,-0.19249134478061733,-0.48663212452061716,-0.2977039417804615,-0.06899357658987533,-0.3194632284461197,-0.42088899212550923,-0.10886343531793771,-0.07112798286779827,0.13604756744212568,-0.05022128859520822,0.0026684874768571204,-0.28084339693630617,-0.1357888867542807,0.027096408359933186,-0.1176773701360482,0.16094442867921793,-0.15691162495382835,-0.007009996868942363,0.02064676084866515,0.12433231618530423,-0.17606172730774033,0.0579077167300849,-0.06979692002147436,-0.010438329708473538,-0.09631387079266399
-2.738393945773086,-3.096461713964585,0.8712302517734171,-1.1193381266084959,0.316265666132793,-0.5080081732310204,0.09036859233283803,-0.3916355980394139,-0.063594856867071,0.023188812502138105,-0.2953539785506622,0.006616557108051353,-0.32351339279504987,-0.48713905462044693,0.03564151224858218,0.19736389032479335,0.10356526323592333,-0.4834414497927961,0.1669251920447646,0.36069429067134134,0.13259527894813933,-0.20040244803027274,-0.05120129612211652,0.2873919007384731,-0.18312087550662504,0.22016526911187043,-0.1606317565410871,0.20910824918274756,0.15670780628552108,0.2929887148554461
-3.0409435048493343,2.6719793297858128,1.0233720486675284,-3.280742082236063,1.2433196761151062,0.11858989947645493,-0.7860369297359552,-0.28733447000918416,1.095223873011196,-0.4238641153678433,0.6631817326664157,0.28528767526910237,0.6915789540311126,-0.4006628852659916,-0.32713565885042306,0.1664168586974406,-0.4061340377546339,0.18435091850818458,0.18792821149591415,0.2643298482336723,0.0010245595866556613,-0.4242485613279598,0.065142938772865,-0.18705966690031384,0.21770646809767374,0.056372537403596004,0.025237870288332888,0.06075855169134374,-0.14781816541001197,0.2074156192781341
-1.8212546464466133,-0.6945863435551793,2.055563402837787,-1.8168214695947305,0.6392552173497578,-1.1628417705205234,-0.5631374465041853,-0.3926825648438499,1.4555728226158142,-0.47662323812585194,-0.426795512731892,-0.46134545272264255,-0.06295454837926824,-0.39462037908151393,-0.1779644322654929,0.5893186200446295,0.04085730636955155,-0.4582192885990385,0.34465549891198993,0.06312570285660463,0.23948055407251495,-0.5264755920361451,0.3203734443573039,-0.17561058870800467,-0.04315059275492003,0.4529891029323618,-0.09109229415333416,0.041521438901286845,-0.015591825900369716,0.38964382093237265
-3.3210102676626936,-0.8273302551543072,0.6612180134379969,-2.2872372149720617,0.31507950607970775,-0.18421584337722083,-0.41692707941829227,-0.4306264361300734,0.23714722902784538,-0.4898727662684537,-0.5717483401858102,-0.14529717796632485,-0.03564556320942588,-0.09383598418222086,-0.12801246600691418,0.1511155598826551,-0.16171911543546036,0.11906394017809126,0.05223837138697436,0.05746746476385533,0.06565005167424028,-0.29799334426991125,-0.04984998436416481,-0.07551827117175611,0.056566031760785535,-0.17825596997624804,-0.03778916035643573,-0.06385647175226805,0.05341385008646572,0.14186128951424815
1.5619362538043593,-5.121010493184866,-1.993690033114695,2.0125047938410474,6.0141411697506815,-0.13408457627982687,-1.0942489886369002,-0.768137709897292,-0.20267500576210615,2.3960412945041427,-0.4457161438759971,0.7543212501442812,-0.4048786337724697,0.33072699736738903,-0.8353044283494224,-1.7170881973034389,-0.9215043603585817,-0.27652977102134974,-0.45179800878747883,-1.029777556638,-0.049613777309117944,0.18714054155242552,-0.05842345019133942,-0.32043538151448836,-0.47076956385606783,-0.19964346938602942,0.22771562763509876,-0.2169879081949155,-0.16951356946927926,-0.1131644484277843
-2.669894466773926,-2.5605363035556756,1.047572315953284,-0.9063876874915208,0.05200537794129211,-0.6613169730455678,-0.5502695610510321,0.08318561352973872,-0.40682677649059407,0.06021086556889073,-0.746705941302749,-0.16462336828191237,0.041851996329650254,0.06821126673660488,0.0001246635755316472,-0.5108291730892033,0.1791036719861393,0.0791847316879491,-0.15110853729111687,0.21627869592310572,0.5004356816442803,-0.18154623229765174,0.5039393764920636,0.08655793320233962,0.07738891118725424,-0.21032475740985826,-0.06561725895037256,-0.00911185100874682,-0.10664806771680893,0.07742576945094763
-3.4282575408333904,-0.707299954006274,0.8793929313013719,-2.099474172172456,0.07196698655036454,-0.04792333874658923,-0.5737246435433901,-0.3632045084208933,-0.16415397564444567,-0.6846330243946912,-0.40276875875612833,-0.22388398756305192,-0.2159747790721852,0.0518270795426086,-0.03324646765628886,0.06602006921711578,-0.28816924115664944,-0.018938532217868217,0.2421058006234247,0.12648195176895713,0.2148839486125173,0.05991882659544933,-0.21961477006919422,-0.001364425265716812,0.13754292078695712,-0.05752362778283356,-0.18921150760873692,-0.04569473931250506,0.08282168920178365,-0.018476230957134868
-3.3331154416050213,1.9956638222156469,1.293237889568931,-2.7554964100824177,0.349624312941609,0.33834405986783384,-1.1335633593493433,-0.18657946468979267,0.19018069715992558,-0.6829720674953313,0.3033700699249887,-0.2712395795161941,0.2915141922011233,-0.09424776896545932,0.07828079768660703,0.14902889000500402,-0.27748659743213533,-0.20166790408622695,0.25629040213080795,-0.19404179117558573,-0.11407385128285977,-0.16273016727533665,0.0224711778196303,-0.20910797113528642,-0.07520223546475786,-0.12439927979298432,-0.2949028526428743,0.03272384216747741,0.1464637272109959,-0.10881477921235858
2.7946909248114027,-6.966326105247896,0.9151383079624131,3.5318973638600917,-0.39082991860556615,-1.3442162748090642,-0.5648449978639849,0.3578712388161067,-1.4287458706087135,-0.6031706971588017,0.6139582730021141,0.3418513801503632,-0.6296939965001295,-0.7428873190898472,-0.037627679540570697,0.32139759913737653,-0.5030868619759888,0.033212681069504146,-0.27411657241808934,0.04689776650174492,-0.008766282319679408,-0.4138027579475176,-0.813303004412281,0.740301030368086,-0.20211425813232717,0.6896292111367325,-0.12889990436583462,-0.04868684038585127,-0.027805209269977673,-0.06799949413821069
-1.759603371665911,3.470514535817617,3.629896787694011,-1.3464860958540004,0.9633368234734228,-0.4955342206075579,-1.052144895730784,0.24500226265811023,-0.07633021738340225,-0.325229866113164,0.28942260183034674,-0.9087167361167846,0.8754091470773349,0.22464104082091355,-0.11919572737886418,-0.10723440421155028,0.21355985658855034,-0.5930456862384169,-0.13481812191485998,0.2374854993325733,0.2139408441880365,0.13209135270917738,-0.32954287920875747,-0.3387173558059077,0.22356310366452103,0.3260385133810757,-0.008396395101735399,0.10154691211428676,-0.16843231173777903,-0.06378802290581997
-2.5302544241302276,-1.7669863060644067,-4.247893486017984,2.854983616864194,-2.503878291729076,2.9721387762126192,0.6206211814916223,3.6276049569475974,-0.6338331940773485,0.10401138945189803,0.6596262096971517,-0.2033001960824878,0.17817423319163325,0.7086234194276427,-1.4366237264121628,-1.097184346874306,-0.07074668668523204,-0.24791025011410378,0.2545592722227314,0.5867062072484984,0.15832723650770783,-0.5787996623749041,-0.7540846166346674,-0.2565880536719894,0.37287326269186616,-0.040585373644595316,0.27450929431376625,-0.4615727161470149,0.4736205871761575,0.06312297840426552
-2.9937280133301303,2.820161176520317,0.4732182986633625,-3.1849738402633814,0.8986996660054976,-0.4664757718734119,-1.001994675874698,-0.09059495132727956,0.919038328933318,-0.2584776942571119,1.260037983408279,0.07343383076007515,0.7027938684683188,-0.11578755415812729,-0.5195522743617073,-0.2480089090673711,-0.2493711324371193,0.10630388981199071,0.7121823395846808,-0.22077197126962975,-0.22958640851004666,-0.19816715580439614,-0.008294644203812169,0.04029492270860402,0.3193357387981865,0.10815812595256338,0.09471480552375797,0.12511371033585528,-0.20965040909159832,-0.22081774336862572
2.956693623644392,-3.5596058287780523,5.474829821006674,0.3624290760370123,-0.8116837701996062,1.761859591692433,-0.3939159017270214,-0.07250419737402523,0.12386548598500444,0.5499615574482504,0.1915458984722485,-0.33759719646522174,-0.03581831712076328,0.03687917382375094,-0.11087442901243068,-0.27150759236475674,0.7236299939164592,0.679065610419761,0.2351087451350119,0.018846841537895932,-0.06284210177753718,0.3507738539541986,0.5639161381941491,-0.0148899745410849,0.12378935309803926,-0.012578185274520363,0.49471052326652376,0.036260105740452256,0.006419693518478403,-0.23119557955468878
3.264501595314834,-2.5092064485272285,5.212220987528464,1.397438400426681,-3.2795342669773273,2.1257742139519085,1.8451570480943507,-1.4243248746080712,0.3164984592051421,1.563053669479426,-0.591603835293222,-0.93790510658033,-0.49740926229564436,-0.08601085560204803,-0.41800133002991224,0.15613969427133687,-0.23481925215473717,-0.07902277911461955,0.31729386691451184,0.15895520070771124,-0.08975152751802196,-0.042119277480670424,-0.5917760337120028,-0.22970761016862287,-0.05119306682898483,-0.06697623191020716,-0.37796681458405457,0.054188403231211046,0.2148424640640525,0.17148756764999706
-4.359008873132576,0.6336565994092345,-0.5914055263335243,-2.3818932015645875,0.5093008249822741,-0.3006920580082083,-0.16971014618221425,-0.5712456984003306,-0.22649646871980506,-0.2697606089212242,0.31199634239835694,0.1977105363708941,0.07882564419176571,-0.11034619488696243,-0.26983854576405936,-0.0514566357522564,-0.09647018106023886,0.08645958665078635,0.04824262986073106,-0.06325034233075674,-0.04686594776008493,0.04339215455288413,-0.001431157406425897,-0.23119133880524484,0.002722508239218227,0.011776038188814182,-0.13497902492690098,0.205913296604067,0.09974174264229921,0.010052582746407253
-1.4233722254932468,2.3968494567281895,-2.4751392156947984,0.5904621224945807,6.779733983309795,1.8861649582927082,1.1413088488520555,1.0020688012481733,2.901603024932536,1.7940050389119846,2.739776492825786,0.08213243154833294,-1.9902559745298796,-0.6495954370228444,0.5209043109006868,0.4003061577612656,0.9890135194658766,-1.1716437115544,-0.8289234581116187,0.21507698632948358,0.5369102242177247,-0.16724914103996125,-0.17302833411378343,0.5090173944894371,0.17406194793912594,-0.408669659315744,-0.262035716256527,0.08726516111540045,0.051805645544015455,-0.017534488464470144
0.8162295920585295,8.09645761353788,-1.6121398724276708,6.785204857335523,-1.8870419960245526,0.2417974592381729,-1.827245759376337,-1.1802064858904737,-0.32896647287718445,-0.4395194728903635,0.3873232295123122,0.7589642809842478,-0.8721294134609868,-0.1345278247218172,-0.10278851160127483,0.3521350283561542,-0.10101008128638782,0.10072484117650995,0.06189337892102954,0.06255368747430652,0.29527944453400634,-0.3112136820737032,0.3349010942875651,-0.12591054699333715,0.02506135524170703,-0.24129646017063078,0.44916790616159796,-0.22283941685808317,0.0038672249967671435,0.0524995694119839
-3.2737365863017653,3.189789054228809,-2.57059618437842,1.1328106671826053,0.6400944252669248,0.9472640475160922,-1.430261312125994,-1.1127767155554942,2.3547491714697104,1.2289017631979815,-0.48014901064189697,-0.16475714756618576,0.2524368682776189,0.8525120387986956,1.3496408588229871,-0.5531684606493895,-1.1873803557297056,2.0197812106348954,-1.07559932009038,-0.4792555493700028,-0.30440467472649535,-0.19036825340537364,-0.06267674638257643,0.17542844410863886,0.3989948439938254,0.3373971755190049,-0.42173767280073443,0.011024083789231752,0.02996087138946897,0.07347639937708471
-4.52986376705024,-0.055792245043397595,-2.42599524471587,-1.6925360973798649,-1.0053669908085816,0.11775806963425454,1.0397853075401797,-0.6876460789134188,-0.32680052368314405,-0.2243031606279735,-0.21362742246238742,0.36084328576672825,-0.2884274121600273,0.10952980620601842,0.2563342114221642,0.18588621077565576,0.17232595855825936,-0.24865494508348976,-0.10324387138302243,-0.09908547006429103,-0.250420012967441,-0.008080600208040767,0.02441728443376373,-0.021640781495008574,0.03622380487096611,-0.09106445612980218,0.26329414827686276,0.05248083485348791,0.06236377169947516,-0.028874527807936964
-4.660949854498823,0.2657751482810313,-1.48636738619794,1.6826528290883533,0.19754500025888558,-1.3771055908914782,2.3266147482340496,0.13057535258702713,-1.0833477831208385,1.202022559133343,0.002841264650857253,-0.40539050556866263,0.12262196728487612,0.5095029829026616,0.2574363917250171,0.1860621010515383,1.2650720841673897,0.5179012087313477,-0.407212459508961,0.18968256022585742,0.19339264112626015,0.2521873999022112,0.507764368663321,-0.7004397516484813,0.27881864791376704,0.15779843085754766,0.12020138402345135,0.5106644339116957,0.6207500034797392,0.2866161673395635
0.549829546488929,-5.719315746795007,0.7675919731359402,1.32806529372452,-0.08741404623903598,-1.8774033687412095,-0.630284382402631,0.12911986118624805,-0.27761817693605284,0.26329899964648373,-0.010965492379603786,0.3769763921715635,-0.4931116831413539,0.25882582856729264,-0.08430040532208755,-0.5335876099336058,-0.4781337793464699,-0.8452402925159286,-0.18104965981974644,-0.03350605696301394,0.21440636845310163,-0.3960444145054967,0.47916916995899517,-0.2256003786124057,0.6524443458148493,0.41289880860330574,0.1519877145524069,0.37116346671624784,-0.1614883595514422,0.13604060541429036
-4.362888928697517,0.6598948573753253,-0.6903517016402101,-2.5389033801941636,0.6117124968720973,-0.29243992917409833,-0.0698656689240415,-0.61630486653975,-0.3251210388107403,-0.21610942994430474,0.4779842704021679,0.06284767462640224,-0.09503686196450194,-0.00958390920501833,-0.3527891951306066,0.1103653085440815,-0.18186450627472828,0.16251499473569608,0.21121240896836718,-0.05798712642764564,-0.05720258061439208,0.0965843252813719,-0.07278777335042041,-0.1406991485399722,-0.20230380153849303,-0.13293893944497961,-0.09953645916613604,0.14790966454216042,0.14995649714468118,-0.09585633516137396
0.43342803952992903,-5.739132711404144,0.935188250000121,1.1524270119776754,0.7329520595642676,-1.3938285304844935,-0.7474197640810707,-0.43377126620077544,0.24231359644477599,-0.07250020185399508,-0.1837114602861948,0.47651508175908985,-0.530730327258791,-0.07002790796846492,-0.169625614283623,-0.0046759817486258055,-0.1361749595545381,0.11425525456678995,-0.009692017951385905,-0.2661573921999144,-0.39414784598844316,0.19918633971952723,0.036009051829120925,-0.05881495928382437,0.12381661209870003,0.39558368440595476,-0.39761600911511236,0.17273366866611867,-0.014751402968198137,-0.45743439968944183
2.1065700388267827,-2.4856377824123745,5.491328150899242,-0.31470314620930756,-0.3941621798840307,1.1537542426423915,-0.773219183459785,-0.15825160191267607,0.6252698819054928,0.6095481066951788,0.7515474751157553,-0.44519393361909404,-0.511141532240401,0.36485566664471,-0.16589352013715802,-0.2750198425337601,0.454007244988299,0.2945243238029409,0.19930783149687595,0.32113264913560147,-0.740485290055048,0.22724873623605896,-0.020631821851910453,-0.018714664461714988,0.1923925415976281,-0.09407407045490489,0.26660171686973944,0.045694017418001324,-0.33092827033819794,-0.18328724999418136
-4.378506106422916,0.1591127068386333,-2.049798815335933,-1.8412294472245572,-1.210715786389978,0.12423189226497038,0.5796389491037338,-0.5634340881574212,-0.09967518670072652,-0.20190523043113467,-0.33495114175289364,0.5177633021015068,-0.13470586234954723,-0.04432847867712333,0.3519960005012143,0.2825774785559911,-0.0032699014286790467,-0.2707527072805372,-0.13477000601754863,-0.3593565727799055,-0.05847454140455716,-0.024765295093883286,-0.1058067517104048,-0.0380913743546262,0.04386236293618436,-0.11871893477796149,0.11707339694687148,0.042785533884616644,0.03596755939528476,-0.162195254764658
-4.474852939474234,-0.026951216936281934,-2.5537353760525168,-1.6516307074258187,-1.3343703333395238,0.3206754875306439,1.0368000472861207,-0.3812986134098846,-0.4689296129933679,-0.4454225178701888,-0.21101665185905988,0.2972614241133118,-0.3421181170735652,-0.06551873176390782,0.0839016479052517,-0.010701258201055608,0.18022235349269408,-0.30959872683689443,-0.3633797229021712,-0.26685501331524364,-0.06274306041081254,0.26285430562170425,0.1233242113473903,0.10957466306243038,-0.11413843154482593,-0.017218071236093292,0.0778745792521895,-0.0416462076771327,-0.005780640213685434,-0.03953504893971313
3.776785872903081,-7.893656337910671,0.17769797976743815,2.2460778869871496,-0.1510280010465985,-0.7207994280211978,-0.12885970853335516,-0.19514972489184312,-1.0618915439171386,-0.43204042260526176,1.4532167448853786,0.2418668585408556,-0.17547997766055476,0.4207348262053841,0.5071028397721727,0.43586865344644066,-0.20233505089824477,0.03154244533926801,0.09612594680429451,-0.15886982935723126,-0.1493113097188381,-0.31389096962143065,0.7912180447442858,-0.44935481410052497,0.5168805697325555,-0.008506935067567698,-0.31877833497861446,-0.4766419625896003,0.48792599684439364,-0.5129959227501022
-1.1493190644340168,7.060157176972352,1.2672043543843121,2.9526758884528865,-0.4810619878380342,-0.09936675341790725,-2.422387715809337,-0.4098953968688197,0.26231113305074266,-0.4962644627215088,-0.31972501153152366,-0.0811664758648696,-0.624293686779593,0.18985118401275927,-0.2474153584588778,-0.038166688814153915,-0.15047689513131388,0.0036009495547440623,0.005769289092167246,0.07560065495965071,0.08997566544320802,0.2088263155544613,-0.2600656659805758,0.048556805152364955,-0.004135613102640302,-0.05896831652321969,-0.10704173132327922,-0.027876075360524926,-0.010383392836629653,0.024097906992047537
-2.855999451489369,2.0729411616529,-1.6430061421906546,2.588601781021133,-0.9231046464167703,-1.544483317602733,0.825855637770346,-0.8719229680138754,0.5414368103435915,1.159639575760859,0.5502246091412188,-2.5707152224549694,1.7217318070927174,1.5117863880386555,-1.4304937857005444,0.5221781198289377,-0.7131137019677808,-1.1730446645177655,-0.2482811789272277,0.46873985098472293,0.082503646849802,0.2132385202127215,0.9447889126407284,0.7292657452190506,-0.21537780014186375,-0.22871151935715675,-0.4501957127066495,-0.2545468902161306,-0.04320836528780922,-0.32635810332641824
0.9863011542846641,4.169175338489224,3.7829588788298167,1.645357184929373,-0.37416937473867024,-3.2695323781294223,4.388861031452771,1.3812972301510558,1.1905090854617755,-0.6466089269531563,-0.013596413147371506,0.5107700862790093,-0.009080798233718946,-0.3299801095073772,-0.12912659349353042,-0.2758044873762812,-0.61657343468632,0.47373050683466844,-0.07555638135573964,0.08670439602630614,-0.0871572349435501,0.002555892322941903,0.09675989659091108,0.023386483312643733,-0.1526546534954833,-0.14076689826218525,0.0819947463391015,-0.08799971045598869,-0.03251644718974763,0.003449793241926423
13.768084625353147,1.9840274009297036,0.309946975272467,-1.3147410449936323,-0.486146968913895,1.411232534705489,0.7612027995058797,0.6215251450784813,-0.1855882959709578,0.3391940940897173,0.3293720438623769,-0.41184855505988266,-0.6390747698368989,0.36652759930064566,1.6255235429484407,-0.2406511323369805,-1.1767918432111675,-0.7584713498405525,1.733005311787414,-0.45452696937522385,0.2773671192939583,1.0183047371529592,0.1681092938002549,-0.018704010401483867,0.002598890328613712,-0.05523348371692454,-0.10991667432473662,0.40147958056590427,0.24312463732428757,-0.10631039063313033
-3.6207710127091417,-1.9959731979193112,-3.1917219665750074,1.2469022078280385,-1.6080224938760115,2.2560055033838653,-0.5377250321798602,2.346506233973813,0.16042522199862289,-0.48590044368234575,0.3289285468491005,-0.42260329602936003,0.4889560578777318,-0.16053925340537056,0.2613253303561859,-0.6264397301558566,-0.10155260508190096,0.30967519032105706,-0.27727265473437607,0.2221952720357554,0.42874070813544835,0.06576171969221663,-0.07631424655324377,-0.3001560082770034,-0.23576245109285598,-0.0875524162296441,0.06013889324314525,0.1446890260585371,0.012649669528235333,-0.3129518632767883
2.5973832772081296,5.079808351430604,6.169755489820645,-1.5601746953280118,3.6492416957853124,0.4197283761402526,0.9484265088110883,2.4049067466437704,-2.75587763832525,0.13861133348382215,-0.2879610189441326,1.0862328950463127,-0.24619976236067856,0.8395036824322524,0.3717630357635595,0.6607436173822949,-0.46583622678841735,-0.25160179882725325,-0.5262603613094633,0.28885045329460735,0.16651127548376324,-0.21012980885432422,0.05794173216470547,-0.11744682881000694,-0.33523449781064935,0.07525994158336716,-0.3228168934000223,-0.009659355627589458,-0.044278713074853385,-0.0006012772978098192
2.4803194336923755,-3.0544025219912316,2.7070057670421717,4.44110923387596,4.130388705465305,5.423908378557575,1.5740825776935665,-2.076274130369875,0.9149111308831257,-2.5868404301403642,-0.20108373362067947,3.0728255772489295,1.7607908324734687,0.7467543156698546,-0.5996168816608066,-0.12417985786042715,0.4442542673452658,-0.7672327797041725,-0.12285765766791436,0.45463817970743037,-0.46142402878478267,0.21079496791470648,0.15307261781872897,0.1428577553898945,-0.06708585703367176,0.2579404770837325,-0.0795635585045958,0.0811208714846589,0.08432898347177842,0.024628784634743148
-4.3891077212789735,-0.15062031597314182,-1.8680139689008735,-1.3033204838149977,-0.9372898384762686,0.12253440404414032,0.5375341153509202,-0.20595077122535607,0.25542091004301315,0.028305609291373553,-0.5335879864055318,0.29246984260864994,-0.15696484334274202,0.31753750260516467,0.12912360821929175,0.15008213186086775,-0.1305401518550352,0.032298613933954716,-0.01394356002487403,-0.10024444512469988,0.26024388752751487,-0.07611726603880872,0.007807796930226459,-0.19421346544294463,0.17164764601840848,-0.10248641344803373,-0.014143252091304567,-0.003918294942069342,-0.06900869602088758,-0.08365311467630729
0.9863011542846641,4.169175338489224,3.7829588788298167,1.645357184929373,-0.37416937473867024,-3.2695323781294223,4.388861031452771,1.3812972301510558,1.1905090854617755,-0.6466089269531563,-0.013596413147371506,0.5107700862790093,-0.009080798233718946,-0.3299801095073772,-0.12912659349353042,-0.2758044873762812,-0.61657343468632,0.47373050683466844,-0.07555638135573964,0.08670439602630614,-0.0871572349435501,0.002555892322941903,0.09675989659091108,0.023386483312643733,-0.1526546534954833,-0.14076689826218525,0.0819947463391015,-0.08799971045598869,-0.03251644718974763,0.003449793241926423
-4.438552036594698,-0.5135113575335547,-2.150801749638561,-0.8833732719342442,-1.4013002107399164,0.6840307015746181,0.9128011463353801,-0.07342114883829391,-0.3780856339025247,0.0013566501082788954,-0.7092782704672876,-0.2386994706629032,-0.13880775368015927,0.6159170053249762,-0.12980525420078523,0.10206228127037956,0.06788775470385192,0.0023989272161822894,0.11632815508301744,0.1343445777436974,-0.25917576183732555,0.08003752737068637,-0.19806539440423135,0.0170460198928268,-0.08448817301599222,-0.0450382577083654,0.2440790044971557,0.28262901481060465,0.2353214252732153,0.03034725556107721
-4.8858309976172585,0.02059553388300718,-4.775598794300516,3.0997216920674973,-0.11319506018897942,-0.374068505421638,0.3076101260157029,-0.9412468223931565,-2.3232469396257662,1.738583047615618,1.062006517210723,0.23145907302334331,0.7468262723185723,-0.4195848765431686,0.17132841952857816,0.6616072276088696,-1.2996548774193355,0.049298271605405744,-0.4543908797437849,1.1694250417412946,-0.6076033428832416,0.1770713057004804,-0.3433701302189766,-0.33062101086790857,0.4949083660658361,0.2670802662360323,-0.13550537465048879,0.07894067775064903,-0.5039098016820142,0.28546745074304064
14.05517186272971,1.1053008447564312,-2.4439813918896665,-1.2873112115531689,-0.25514757276069344,-0.4567222546028625,-0.16264681040001752,0.16342039416599655,0.015710713026200057,0.0720026985029849,-0.35200976008651735,-0.16753673677655112,-0.030404621740142232,-0.44776346494571273,-0.0799834611028685,0.020933754279535546,-0.03636316728597081,-0.26379013728455414,-0.5416525758650769,0.15023344140487727,0.04205738430227721,-0.004932277872952067,-0.2903260397271117,-0.20079328611472175,-0.39300728461851797,0.04057942958096825,0.21965581487380853,-0.44880673783521174,0.14230762478704362,-0.2730824432315244
1.7443355731241244,1.0572172650064862,6.415534211879034,-2.1849962666853173,0.3798166388834683,1.8626936709050819,-0.8630714918433661,0.5499098318239715,-0.4256430728896606,0.3920669971366983,-0.11136417043637113,-0.48737294912798945,-0.4223797374252236,0.268922339517304,-0.00318146196896835,-0.0015478206306166076,-0.11200923032947199,0.1469125431128046,0.2357809429946928,0.3202070584157278,-0.08978342330006822,-0.04921318543847861,0.05400600686986244,0.13758978561159224,0.22416558009684745,-0.09282642781304844,0.22583588185021722,0.03785437033136682,-0.30272070716223776,0.028592291140238243
13.66087489928337,0.6587028779982681,-1.7179543650359679,-2.2604110665425265,-0.4423213664585435,-0.3945750410090619,-0.16755191140684644,0.5435573277101615,0.12022948449992796,-0.05570723847759669,0.3528117653767797,0.4708552641650566,0.3096247048863829,-0.7110352137512959,0.8129885592720535,-1.0070315110153978,-0.014353142879804246,-0.3378084874666913,0.3852434235231776,0.1351477435909143,-0.38924221605793285,-0.3658978914861193,0.5273751650878136,0.4567945838340526,0.7828715200790356,-0.042873817446380524,-0.22893685867490635,-0.3088839497622735,0.4060114232369699,0.3479901381603709
1.1986690241388347,-6.373667308713361,0.4663662314974233,1.4272493489562115,0.2544552231703434,-1.4214607227581375,-0.7193190383871402,0.047789126690212506,-0.17283321128781395,-0.30934437141764914,0.1935392618914833,0.08880047615619444,-0.22773520065013036,-0.7657519712562485,0.8771806695124631,0.05092625591289186,0.09496544148743355,0.23487978080037222,0.16605509673768332,0.7158795080471274,-0.39100869074116223,0.5696144730232461,0.22371680406501446,0.12223744199062464,-0.25701062273506675,0.1939820497893736,0.13971461613618175,-0.22765991509324793,0.27985978188481264,-0.10964329349662755
-0.13299257078489837,-5.632374736034421,0.8701069952397605,2.4667595932113526,0.1228362870396027,-0.5573155099622115,-1.1791759214653406,0.6444009024714523,-1.1363809229570103,-0.1853807857516955,-0.7958395818393963,-0.07997614223895404,0.22290745094672207,-0.24380551130337955,-0.06228312741400723,-1.0387490411540665,-0.34317255447781314,0.04858760176228182,-0.6407875556470916,0.14941954945628955,0.7484750504437163,-0.18506190967459812,0.36768321331224485,0.49283387022228153,-0.0477004065559489,-0.4164913119477769,0.26347032548085036,0.7306207473270082,0.12795575530427725,0.171348234270739
-0.4700187757289456,-4.892477662897957,1.16010911792579,0.2679277223235124,-0.07910723582317661,-0.13269106578277062,-1.0812946919498685,0.27904712350252614,0.3136706778413766,-0.3924408781005606,-0.31193533711607874,-0.4583538695924871,0.4854010350493408,-0.8286015072797177,0.09452924038146153,0.13139144742841846,0.33529030358843614,0.037774091500267386,-0.2924998626772166,0.28879796301230143,0.5327433993707983,1.0934671186688152,0.06092443503899723,-0.16085400528148922,0.2481662966985017,-0.42248868324593364,-0.11273954268509455,-0.19988739533985525,-0.45200483170087435,0.33611705677805875
0.0022792444940275478,7.797289438732882,0.2602617576161717,4.658186182790635,-1.346961908863278,-0.19377035751733152,-2.301322249488977,-0.8576807238123053,0.20190618254852244,-0.4048790800024105,-0.19059920368486488,0.18070317471466132,-0.6589205147054193,0.03665687389301987,0.0005928119044419436,0.2726449280745898,0.0768381035770043,-0.07111378991802028,0.04067497744293442,-0.08625879036100872,-0.12259907335382214,0.09296152483274903,0.1018444930078537,-0.0023703221440577044,0.007827169466418593,-0.08856927164687367,0.07288219689623392,-0.17434979103066023,0.06209369009211459,-0.09702448243780987
-4.2225327817473275,0.19089578027242948,-1.750945600272214,-0.7978253012398798,-1.3991488985939837,0.8707778370256556,0.4646014893568202,0.36546134239394906,0.35569893416987347,0.11179546501013783,-0.5069477600149342,-0.0026146735247249576,-0.37271382597503366,0.3604295580527231,0.26778260375051166,0.05555183387671563,0.3114791872728245,-0.08720974378560264,-0.003907497907286259,0.022397375259008735,-0.5337663458989216,0.023069667259387586,0.2574982449229141,0.5016499455502159,-0.05488787022228252,0.21878543786425322,-0.019977807287128963,-0.5738873304763414,-0.06701834022712484,-0.015798740357889873
0.8917784264136743,-6.032797912471789,0.6978209431244448,1.3461194304682116,0.34374057065254604,-1.6642860171659608,-0.9913335143142972,-0.7648664853748693,-0.22283168064569536,-0.8862961498359747,0.4366648107718148,0.041235316131414505,0.9322045131868124,-0.05998882435104411,0.5919508743251944,0.35885983184127884,-0.6162145719160371,0.031745195570418945,-0.4446005425567489,-0.11214951233708029,0.5148173403238839,0.1099151303418644,-0.3798655613677666,0.6937602263766097,0.012368830998057908,-0.6427508049863757,0.5947998130738789,-0.018790230104663096,0.22412883933047617,-0.16181688074790587
13.75271347203474,0.9121466018591518,-3.965757980243937,-1.3498121638572578,-0.5757095109542716,-0.8262926228073446,-0.14849237120903763,0.2989778396401848,0.1414881407152991,-0.25089820521145134,-0.4094417699362297,-0.2344609553176875,0.1873368045675835,0.4494872370990149,-0.3844859318542095,-0.20886978253016097,0.1857144401899979,0.1951180079721506,0.048040494628614705,0.17547422947454203,0.615211506178107,-0.5887099590605549,0.15263527323178666,-0.19609039446910542,-0.0770012599136146,0.32995837338904643,-0.21383728667888333,0.238596309413823,-0.013770420434289235,-0.16831947397574842
-1.9900551592552969,-4.190123852688569,0.4168142016902213,-0.05235784166103949,-0.3055283194471291,-0.3428031844952618,-0.09059090768792315,0.13499933219906526,-0.03530138251990175,-0.023593398805254295,-0.6768924713039078,-0.644779581608167,-0.5961872487012247,-0.021167965482669995,-0.13292058858533548,0.07866273047655475,0.06729996744932815,0.26791423346949095,-0.053364143535239834,0.1256549617051014,0.19643143030542728,-0.12601871656140404,0.20201261471407866,0.3877154850306448,-0.6080343428100483,0.36588454852962116,-0.14689120142625856,-0.1049871418907218,0.1001874078605514,0.12427496004895795
-1.062070854087108,3.365391373751552,0.03317663499033912,0.332745633863019,6.093686789399852,-1.063381236250079,-0.13111487113191211,0.14072117026963804,0.406071097060114,3.138254535136201,-1.8253587186503102,0.10879261958383518,1.997337991704737,0.11966449364334578,0.9685524953243603,0.7442413284766571,0.4309047364936745,-0.2453327430752967,0.45014656625570076,0.08220448371646394,-0.2751385219725255,-0.2278121205974191,-0.15620838999735784,0.03352284887756478,-0.22686949253059438,0.0730343235550529,0.6677338412385793,-0.11914828370139054,0.4553487379811442,0.03470762201391132
-4.211961323421598,-0.07639236924075439,-1.2145249369335676,-0.4568080067193963,-1.0539253893165061,1.5214333266803648,-0.40480369617039835,0.9899104930494069,0.822720068717291,0.35125800114153466,-0.3859707710084813,-0.1674508567639057,0.1067019228536363,-0.27262680635848097,-0.01524920967276323,-0.1154506426788922,-0.0022461773614934314,0.07473334783803874,-0.540005738434817,0.11111362927835722,-0.4380595342718767,-0.07558683264786714,0.28415296514244937,-0.5463111631380522,-0.30982261936916733,-0.43937841268583655,-0.17212646513814917,0.41605089124239136,-0.13298498832149858,0.30128058139480124
-4.462968007399737,-0.2933879457431239,-2.1222630966729383,-1.067520373814539,-1.0551169239844886,0.3732694868800652,0.5915791213223811,-0.2061031093637374,0.038079825259224376,-0.3886257811739697,-0.37326668433074656,0.07109737538610048,-0.23130370375045922,-0.3273283723354435,0.18878808111194267,0.045477153700025905,0.32389064493909,-0.40908452409115975,-0.34139658438740383,-0.05136970653856099,-0.11149908985671461,0.04439854948310899,0.19143432612104538,0.25762182561870023,-0.03452229205237106,0.3074524062467827,0.03931762476316053,0.14250882279067434,-0.13026917039650343,0.08033418541200056
5.489628768631118,-0.1389159162451887,5.49577674535513,-0.47601167810225314,-3.994780288786484,5.283763367400522,2.53911628556316,-2.833379196177828,-0.25053721044453636,1.7739699149870838,1.0319937020124736,0.2543055137517981,0.6117454547712304,-1.2871284823899773,-0.37225385512209247,0.44178276752651374,-0.2354420108754337,0.6266419163243896,-0.03912734727897289,-0.49357395717467184,0.9695668965280482,-0.268053375314448,0.18557285642268925,0.2337061678410793,-0.1215832487275973,0.09942943411050695,0.1007874349824118,-0.16587945475782034,-0.09199512051941623,0.024276160545827524
14.064140788627494,1.125081978140277,-3.3087695415802107,-1.6422983136919662,-0.21297721978731116,-0.18732647419894177,-0.4337890246157137,-0.6056605767020323,0.05534002473678211,0.01308520669402248,0.06553203698177537,0.18934056926974713,0.33752023153311006,0.5872449330654333,-0.20951793404767277,-0.14911780618897102,-0.15284275172063727,0.031664707363173394,-0.06997776691539588,-0.25392044163429905,0.1048930650853087,0.39442149920591446,-0.4121999244110448,0.022676473317267118,0.000769633568432293,-0.23378416859374768,0.0337542191633771,0.03587531421063744,0.17876766093783159,0.16259585314262076
-4.465641660537767,-0.17846129916326012,-2.2850689018467634,-1.1694886421142587,-1.5175156285619864,0.656463800168219,0.5929713764437825,-0.11382538297804894,-0.11101216237159463,-0.30342887304967253,-0.35649665703222244,0.11285163835813333,-0.30525498232878523,0.19758772356560983,-0.04767408218347048,0.087044569500623,-0.09702942974898547,0.0028810535615412247,0.09448796794170054,0.09862458711654777,-0.32512487783631955,-0.031134246309563223,-0.13772042555831604,0.037539492774681354,0.004529909217618262,-0.2684163805326345,0.04799189391734625,-0.07281565921265756,0.08536729579002772,-0.04018450418201142
3.188446138105646,-5.995050489890085,1.320429632509501,3.5907469620523975,0.421869316939761,-1.6411766070731797,-0.6160741373980624,0.0030153324395038837,0.2238337395736581,-0.8753172241202875,1.4545920094331444,-0.27033916029454985,-0.14171341874476584,1.2187490857030598,0.4368131796576896,0.5663739961601647,0.0966969768373767,-0.24622520761151254,0.6896283665133397,-0.5357459538315599,-0.8853609715739484,-0.4851366574946484,-0.26852541715704303,0.0005710208035121199,-0.600544721552811,-0.6072090162068007,-0.24598859665022488,0.4812891307322831,-0.14248257351788787,0.5571308372879075
-4.174466290980988,0.6034303280565215,-0.5294828693995375,-2.8073452245921566,0.5183100934265484,-0.2362052931567827,-0.1655286452639636,-0.5192578900899071,-0.24082276162510793,-0.5399949978116834,0.5228061704702776,0.14859529948638558,0.008332258430594697,-0.15665403493609864,-0.25417919435132696,-0.013818353099824682,-0.1372089553887163,0.02755988242990088,0.16454267775605266,-0.0751959565231248,0.006274182950266298,-0.025979911056344528,-0.12855983090398218,-0.1156259900345695,-0.10933698664770657,-0.06007991675798819,0.07845057190769783,0.1317010041595819,0.11763305587994405,-0.10239847242354232
2.310477382860222,-2.9095892346284726,5.462020590678566,0.1684975570986906,-1.2518106726837204,1.2399991939598511,0.042533590462541376,-0.2310812042330888,0.4036978177589452,0.8181271412911054,0.3945085186025672,-0.5889189932337666,-0.6627696512370621,0.212721498503351,-0.34973919695812344,-0.1860977659277004,0.7611606976078288,0.4942923449871373,0.11518620167711924,0.2774321431815273,-0.5966126107538898,-0.1600628300021192,-0.017967642473792407,-0.14124481205670109,0.08621080875184642,-0.11342013138766006,0.15997232377071285,-0.17171629446042627,0.08565174740169149,-0.11689608909743876
13.902300533132511,1.0820979613692263,-3.0706902024118836,-1.6166754134783836,-0.0747948317982926,-0.38408260130495536,0.09784707206241389,-0.02856208653185817,-0.03011784670792586,-0.035515188362487925,-0.9253730518174682,-0.28904756640525675,-0.07024124001617568,-0.9167543994549984,-0.3012282288092124,0.5463674389419203,0.28270543524121455,-0.20807257247106858,-0.697228333982267,0.07511406104626125,-0.5566291340670176,-0.0857308802023986,0.2762677178011554,-0.5339764994856822,-0.13233755810479203,-0.3602387378588915,0.13698040919265403,0.013474972388367062,-0.3336088937515338,-0.22463817645827386
13.840408789507986,0.5726581339623342,-2.921865150651994,-0.9270873768446253,-0.5734032764845692,-0.8964461766210923,-0.42028123047548965,-0.04690472872638367,0.23623038439735433,-0.19660605960291336,-0.2693747693964096,0.24426415046807748,-0.2649410465854445,-0.44140439326297387,-0.36405904755284346,0.2602466350756286,0.08540610557659697,-0.2466462125934635,-0.52600796983886,0.42325034473017786,-0.011246724031233203,0.6576545799565776,-0.08897318936619733,-0.5571601880505096,-0.2112423870657186,0.0754340047717566,-0.32859508695593254,0.1286378004226689,0.0017983627522425716,-0.14143596803602887
1.621002321155644,-5.862652728738216,0.14577352478283465,2.865734290946202,0.5343377012052173,-1.929198374578623,0.6604155606350005,1.2204223650844728,0.5535562414266758,-0.6434303757504864,0.37048691729447675,-0.4055331488586463,0.22965007909943225,1.4625941345485913,0.39781021565272234,1.7965419445371282,0.5639915231621536,0.7230892552398208,-0.3403234285132443,-0.6168081065828607,0.5445927200265126,0.05791069009433547,-0.38919692465660105,-0.2641362786278153,0.3935204086625632,0.033141510337531835,0.13272423710193648,-0.03916940860670022,-0.24992002386040424,-0.15701761212530563
-4.52173857027817,-0.7276549850364705,-2.2241935271400286,-0.40685394799191993,-1.2985820188229678,1.0305973346236885,0.8833025261379934,0.25848460623487735,-0.04031888485461009,-0.1877333437457923,-0.49497014345241874,0.020538580697352836,-0.27587064381896215,0.21412296327481178,0.31903189059293585,0.08114531449753373,0.2980924615973893,-0.14531882838675267,-0.12578771229763172,0.044980092400205986,-0.16656953210856934,0.12562457085367848,-0.10572976498968346,0.035041478566686116,0.13889399779149775,-0.1311078388973359,0.12715957247139434,-0.1046559501278135,0.10172030143862995,0.24880145706863022
-1.6943572056612188,6.227724234165732,1.8491530897143635,1.1964098339977127,0.1690507762786302,-0.026530119287486942,-2.3758580842147605,-0.08860066960586246,0.32504087208788845,-0.2950210130116368,-0.45611627223442497,-0.2991888811953082,-0.7501417309593643,0.36971653803605686,-0.44066162124400954,-0.03704449739726711,-0.1100622916572743,0.11014141743031733,0.03119976306588631,0.24099078246863176,-0.11728795896803823,-0.055406931345381286,-0.2326284341156241,0.09265038452644621,-0.02879500501493202,-0.1756778933594293,-0.1396542106898744,0.09099475886304326,0.13572370875590595,-0.08356176251166358
-3.585758463188264,1.5116356053049993,-2.932233282264195,2.3893912351256175,-1.0143556433914043,-1.2158575530975082,0.8470470303405144,-1.40365670893846,0.6185660485799684,0.9673638923386367,-0.24927905055398167,1.1039847311253532,-0.016988868388668393,1.1721769939351818,1.417543434849764,-1.2241601153514503,0.842599362847334,0.33608364361050513,1.2861924067405912,1.2467077536446922,0.8073669346740526,0.03950076013196767,-0.25565859109925526,0.033467678899522964,-0.29832946753855266,0.1485901087890586,-0.316794663230643,0.031569539137103426,-0.4789670148914257,-0.2602625285250913
-4.102838889544221,0.8851105919996011,-0.308088158468974,-2.9068079820768884,0.5246032924862358,-0.13645551900465486,-0.2128096885710406,-0.45321988242850614,-0.299524563270044,-0.3828286882748071,0.285337270569669,0.22613285132058972,-0.0693560442037861,0.04506934659830633,-0.2688224073551701,0.07409070327811956,-0.10942471668517884,0.05147379190462649,0.12771747839527164,-0.16386369853339808,0.026099254167279085,-0.13482632166621433,-0.07514255723288285,-0.0308631114589738,-0.1311463399284337,-0.15879761986463822,0.04469971029532017,0.011259402685827272,0.11826217614512557,-0.12026371683966569
0.7302412483277444,-4.8750472208346265,1.0425933715151565,0.7244789341816662,0.21705674885356238,-1.3887222241948176,-1.5298399190867618,-0.08676735970508113,0.4898885898558605,0.21223434127642476,-0.6034302645119918,-0.11255295372921084,0.2362581565711454,-0.30560469571765836,0.03117200597142831,-0.8537192499042082,0.11867848184799672,-0.6149027583387425,-0.1871303547961738,-0.260233619042778,-0.2361174107157798,0.3518998344233469,-0.06453256942284095,-0.16841636936293125,-0.07787763378828055,0.010117538563212592,-0.042426990645475254,-0.6034225656339398,-0.06686483586334899,0.4179199512373067
-2.3844902908897647,-0.6091162203549109,-2.434334135482964,2.05657081137296,-1.9325964871928856,3.8849573545788822,-2.1574656476820375,3.54434340211491,1.190212551201171,0.03492759216828506,0.3624382961960112,0.6771975967714737,0.912047803947742,-0.3839452780095621,-0.30299055123091756,0.7588127896376343,-0.4179843475897036,0.38746480867611977,0.4022930408650982,-0.3891552199497328,0.25114632787132274,0.9163874742211872,0.3130576366706929,-0.10325062622323292,-0.24769868277654644,0.25325138489830334,-0.3936089362256333,-0.0954759239768338,0.1896280524681214,0.34135892001176454
-4.421221655253945,-0.257366342558447,-2.763429086077019,0.11828739158694648,-1.912307518729322,1.0492971953716936,0.6666716000090581,1.133201865074172,0.35169054022569685,-0.018477464094495973,0.04847171757660243,0.08676210355775056,0.32571289820970045,-0.14706938902063055,0.3990255610601369,0.19329586135869853,-0.006745802764361623,-0.2939567939462615,-0.30043071069191923,0.07146946127085402,-0.26641750709276074,0.05664993528919272,-0.07169903462240393,0.4357006391998641,0.4461037864756716,-0.20156241032432207,0.27834397181320514,0.23679299631843403,-0.311628928524577,-0.13575427495557318
-4.193675495951746,0.662073822564764,-0.3777459770400554,-2.821019257565495,0.40556695786195873,-0.020315545411704328,-0.14424631415735392,-0.677891916296097,-0.41996617276255077,-0.40510701014289696,0.36954827976025395,0.007435295030496815,-0.18240905846108285,0.008119907677716405,-0.19749275108336453,0.16354521840609765,-0.16712068320543008,0.0972726685606943,0.08972422421003728,-0.06041182958136501,-0.13366492225944146,0.004641349529509994,0.012571429533064431,0.007774934443380621,-0.17643118668726326,0.06611114943231523,-0.11313775831135212,-0.013325543458086758,0.13437388705973285,-0.1384440390260147
0.07089298489588677,-4.867232778936632,1.8277082021204352,0.9376641431875297,1.1989946551899306,-1.847226054690204,-0.37214937990817026,-0.1995299923265171,0.20139962941943312,-0.3437463493433513,0.18219339272313184,0.3828324007735261,-0.01697720348602522,0.5887445500749245,-0.3256156581537269,0.2368596834758896,0.4809563257172527,0.24603138348672052,0.601930937025653,-0.5868589256444974,0.6650122942109176,0.048716487026976556,-0.23828612118913017,-0.2907410229357919,0.18592200437684483,-0.09585634883881682,0.049995882676744825,-0.4550548398978953,-0.20063606824657884,0.19204214512109263
1.9239178399717412,-4.583663869931552,2.5818452368631544,0.3109112253477112,0.3780475128941603,-1.2121331702462412,-1.0287533554700812,0.5487424216145614,1.621362798158569,-0.3436832524146714,-0.019313674960994405,-0.11499054265953604,-0.13607932362567174,-0.6090289352890927,-0.0006649602235871688,-0.2309310099238894,-0.19631309319246582,-0.04762632968185386,0.2715818057500622,0.41160254045755656,-0.16227927432002837,0.0018229623581530472,0.27798038946679277,-0.31332517768794277,-0.042113722059855994,0.06394674809049557,0.28042597982601425,0.025098134773800948,-0.4684841541484593,-0.04346547878911773
-0.2830711243618489,-2.4354387135680815,3.015617565090358,0.645312477435005,2.1566429673329806,-0.25468063724950507,-1.1978301190596332,0.542523649550911,1.7242561197570057,0.09357256370542404,-1.5349994699590641,-0.15472120088957253,0.080330040044223,-0.7374729237045842,0.09766431851539893,0.5960620273478439,-0.05506521268318512,-0.11340194942746867,-0.2803885643087288,0.2602618995131665,-0.019248865440432195,-0.22872166751683798,-0.327180659884259,-0.35119755181230156,0.19716766297339414,0.2603255291995339,-0.34209625538562566,-0.03134143249912537,0.36332575660010397,-0.3635671974881202
-4.305091379333515,-0.12350924342561606,-1.730549036697367,-1.0600822579402585,-1.2140487627065912,0.5677054831291631,0.15683808488463288,-0.0415697152657887,0.03218817242475106,-0.06799551272695767,-0.6867764710702833,0.06427770343344023,-0.030587775237475148,0.15208949273737316,0.339877946703069,-0.10331168130466437,0.08790670538017357,0.057719839688395586,0.051995976770496444,-0.011494103324498198,-0.29772041458633647,-0.04556687792893534,-0.06139506766088072,0.1470834681108949,0.1762845827392012,-0.4173476522409798,-0.21819968373835896,-0.41733357151769446,-0.20602104959126552,0.14043080694998036
-1.37132143479639,6.553002373955871,1.7236611272065023,2.21706640632367,-0.5226398879171262,-0.21646092217814292,-2.3606991513464286,-0.27686293130455014,0.22486839680236942,-0.23310521409031723,-0.47883565209938944,-0.087732214315515,-0.5206186449463649,0.031243545474793983,-0.4109426150255153,0.014420003530643558,0.15377358446425898,0.06344887471643836,0.0883615245809792,0.3501904755732295,-0.06578207691903624,0.1524531842753329,-0.2862205217349567,0.062115110193253414,-0.11482442963343487,-0.10294884637316222,-0.03001801522646485,0.027626600180221547,0.2650653074367087,-0.09300816801028353
-3.4153034580193182,-1.202009259079751,0.5280310644193038,-1.940116540900908,-0.2469244758270621,-0.18142901357802232,-0.2797137537640335,-0.5410692039996727,-0.20712252497186565,-0.37968754338798605,-0.5812118623660337,-0.17785244173757106,-0.26634010000179303,0.05181599626322195,-0.0371306347145032,-0.005656088986455778,0.08720880698019748,0.035811144234764,-0.032455149925054154,0.13139095722626332,0.029380429820735507,-0.3021260769199453,0.0715704478387259,0.12594503279340874,0.14035922939551612,-0.13328521864552242,0.06599085997892092,-0.007686241095776626,4.590760303109856e-05,0.06610598812289326
-3.3361884807902062,-0.8266821244564078,0.7807877376585022,-2.198258703514961,-0.08222954700049084,0.01079532951000126,-0.3933535842037915,-0.18398672345297828,-0.1300045856127746,-0.43638577281837,-0.38351510518453136,-0.19344877060236565,-0.37969576485420203,0.03541542500506757,0.029076058592412326,-0.11196797429793974,0.25466523303150224,-0.02042990704826189,-0.02840279053026421,0.045786063370508584,0.12317367251422529,-0.13209972487465774,-0.021876630020202813,0.1338630589817505,0.14371231406838203,0.1262049501065622,0.07770673744879149,-0.030559476430486142,-0.016833286074977437,0.07689922195171099
-4.046637435026089,0.3480782093275378,-1.6843387674284471,-2.1690245884415558,2.3204169049295222,-0.9989131396141538,0.5215270504489437,-0.48015386081065886,0.31576122984025595,0.17219323913009071,0.6453993210877106,-0.017768067932261822,-0.23421630253189796,0.0007717067156929984,-0.9991962993178493,-0.23783888844147041,0.22760887651449765,0.02142832041858156,0.7429402482261537,0.06200797930535576,0.4030422209689127,-0.13409758039214267,0.060577244371861495,-0.4753513549624173,-0.13417132272860738,0.24858649070806083,0.19495606820508474,-0.20035175265303318,-0.1486768209907121,0.012646638720565623
-0.830931939818142,4.547931009372988,4.802874686222386,-1.065325458723939,1.633098193493704,-0.12724998469271873,-1.1899929235340343,0.7161879580597171,-1.3803701632833567,-0.6594274372549722,0.7610926769730658,-0.46280800157802104,0.5614528716863226,-0.02301285266468989,0.16598793955507973,-0.7490579440335153,0.6007465936127317,0.3708565275113734,-0.44132615526804114,-0.1022451652722332,-0.2560560832241863,0.2823189041186131,-0.010415399492416301,0.34277595843079595,0.04139047806646812,0.09284505803598156,-0.07806243088627234,0.15138583116635457,0.027907900013533132,-0.15376586798269112
-4.410798350928536,0.43801438696136147,-0.7550325177231351,-2.0968872213615577,0.9039046117225661,-0.7227133854174119,-0.16526087240472923,-0.23719909509665993,-0.311666836883285,-0.054927821107266336,0.712139534352413,0.057866779520923825,0.049600083830211264,-0.06547465509914936,-0.35906777077506613,-0.20550301793198544,-0.20147274811763188,0.26144481228563504,0.30323967600767054,0.02990882929693771,0.03108972950631536,0.1618688249183294,-0.057654189388336594,-0.1968706108052372,-0.1779513141821542,-0.14375781016867117,0.0068674457821992635,0.08905984089799676,0.04616776375875781,0.030281168310554968
-4.191702663611058,-0.17195934888395958,-1.728307808852999,-1.5166650038154228,-1.0380264153728407,0.44415250941477413,0.10063766553317405,-0.03882606447554932,0.1882344522638749,0.04282280306136678,-0.5620524986754611,0.2441661105994405,0.11643022951383462,0.0869796672542554,0.4850998188817229,-0.00800379169290984,-0.026996165015397422,-0.2033083302050584,-0.05762345991033553,-0.31353124225766194,0.16458937853543604,-0.09768764801949209,-0.0860618836985801,0.0030805820481835874,0.08799175716521457,-0.16070600981789512,-0.13555954774221537,-0.4621032765457589,-0.045426983921537586,-0.03496473027699315
14.178537134486918,0.4303944473930555,-2.9710298940938022,-1.7071651717225693,-0.9008976950378014,0.3984418816570847,0.07902672064660324,-0.2226108989502314,-0.2752670848615726,-0.06233546091979501,-0.19830465957171836,0.4092727679849945,0.25072949845102366,-0.24908165233430626,-0.1608689131997509,-0.25787916058431626,1.0064126118057821,0.552862069124561,-0.4195747528275938,0.03184271690915136,0.25153267758538295,-0.3040345309990757,-0.26530208690627577,0.2328400170900013,0.026658404853785678,-0.3567926471962495,-0.6524424409448211,0.14545953196381112,-0.032461652626925006,-0.055491937250048876
