0,1,2,3,4,5,6,7,8,9,10,11,12,13,14,15,16,17,18,19,20,21,22,23,24,25,26
-4.294895758707599,-0.9728639339916737,-3.1294029593378165,0.6993140390932351,1.1161220751439533,-0.6126201818149175,1.0168168985782013,0.742777087728035,0.8685149505379662,-1.4462364638176062,-0.5024434567068384,1.016642609850186,-0.5809680709413335,-1.219248620595001,0.47184222084040073,0.17233321316315445,0.624476773501806,0.14362901153308413,0.5384332019865673,0.25481860886646635,-0.17679313482883074,-0.0783402054541659,0.6347526226090434,-0.04825632538730317,0.049265859753955976,-0.39600935877948457,0.02398870049049584
1.386087111779668,0.026689692762192997,6.53423747280587,-4.511885913404038,2.247632364874538,2.343502644855033,0.1710574778518381,-1.5235824318110036,1.4895391293113291,-2.0353861990235664,-0.567550528103047,0.0423037779281088,-0.498589449571814,1.6579777225286572,-0.0640735791346743,0.3021841521115196,-0.2111724136951464,0.012732832620541866,-0.38424966525979715,0.4245175767789199,-0.30701990606254326,0.7484630110879901,0.08449368702148319,0.13830649292413244,0.11176577961566374,-0.049419415652928206,-0.03733484643298919
4.5418770177160015,7.6384164578696225,2.297737407397258,-1.400053345131902,-2.7075076742232076,2.1968218026710056,0.7051188435074138,1.2451796726601774,-0.7406745682105849,-0.22188085079951472,0.022609431817060995,-0.5627068405240261,0.1013901760119871,-0.028369428423543598,0.09317954561142033,-0.062128928514937454,0.11878254567126925,-0.05576104359602272,-0.08557216467906978,0.04091097946901932,0.07069802535699699,0.07759655819492539,-0.036995023070305326,-0.3421673814141738,-0.0006426351607742384,0.11623889904244591,-0.09613609108295144
-3.4712273313960997,0.978333801474534,-1.295697445982545,-1.4901435317379077,0.45832669540622417,-0.4262682692344332,-0.3906954368522193,-0.03153563903863639,0.33932305568588367,0.2405068499782784,0.15679037736122678,-0.3922903237345589,-0.19503715105643477,-0.04770308523928797,0.18457607050331828,0.35660722491632885,0.18378507144045705,-0.08363166200401553,0.15206255502767096,0.12545507947726836,0.09748821295772131,0.08766314531093668,-0.10239857072095333,0.10613425012498402,-0.047225714347389446,-0.07037555452075707,-0.00693505627054089
-1.2769628998316287,-1.1363248615054016,5.411795719901469,-1.4645128486169767,-1.5426295950442976,-0.9361451484737563,1.9688875591032786,0.4953303619298604,-0.4838942053694425,0.5841847033758328,0.20887061006431124,-0.19161073310934534,0.18053588923984426,-0.869885259109328,-0.7028829536147215,-0.29615156297222117,0.5287779074764862,0.6994175881156348,-0.7644102582794408,0.5022289682377732,-1.1454111340607838,2.220565145198694e-05,-0.03755058738150511,-0.03667693651464214,0.26603663867361493,0.5654402579740346,0.07976570454521523
12.651306779572572,-6.218076009185681,-1.780203903327331,-0.42315981009480647,0.057561778042522896,-0.6629889635472979,-0.6118922603383227,0.20336513820865776,-0.1015398600233784,0.18116529184507293,-0.6842486106341794,0.6863829390983783,0.26464317051512587,0.5141956524901949,-0.09485889237017497,-0.4462768746698487,0.21566360847090746,-0.15490835146636683,0.29484005190763285,-0.01149704683847735,0.0314159726788261,-0.17983709121308195,0.3471395329615944,-0.22576630749179694,0.08212810577257702,-0.026032484006586705,-0.3877946690148729
-4.272358622429765,-2.3392274064006484,-1.9682519061929162,-0.1333924237003775,-0.6053049737591929,0.3821398239860966,0.4909911294414716,0.5824680974298839,0.290114347401153,0.26360876293954133,-0.014491178887429068,-0.1503555734866896,-0.015492752524764708,0.23967301605763708,-0.1227330110048122,-0.046503489909648324,-0.4036007688910847,0.2556052296772188,-0.21531321220272795,-0.13071513102408852,-0.12667553120901406,-0.06130109203654978,0.0021910312317292846,-0.01095868750337481,0.08725048625767298,0.11944100173488184,-0.008371630354513302
-4.294200465922178,-2.208708739455727,-2.2542081735359387,-0.1543541449324111,-0.5330913891168383,0.29798327402267694,0.37032727997288856,0.6319797224961996,0.17200407733706755,0.33622208954145383,-0.05129071227280774,0.10287762026841622,-0.18497829798278773,0.0450357151610622,0.1590303766665884,0.059973839099542285,-0.38718824861839984,-0.1596334683772969,-0.21151525604848886,-0.11725350112894568,-0.07028676824864441,-0.17321117651557982,-0.007346739936278431,-0.08700562022170419,0.06457306529703014,0.08630000639623245,0.06811632532052103
-3.7370801103437117,-2.3533353445806173,0.6332345071760022,-1.791236863556547,1.7941525512836016,-0.3893441536211952,-1.2841241312947982,0.21209480473140138,0.6436644404626868,0.15629385565829287,0.1667722687982124,0.4195757811933629,-0.17260110982134874,-0.2592207014166152,-0.19410533742061237,-0.05017574502812093,-0.20749482417491705,-0.800981537503128,0.1455040041160417,-0.2353760506230595,0.0646697747972784,-0.14321362148571715,-0.07112419491047936,0.33390011600138825,0.06832986584883956,-0.10523161486443879,-0.05963859403227175
13.090479970493156,-6.024027313815253,-2.039035756525523,-0.7508261864053289,-0.07249503589846851,-0.275129492158978,-0.04323596773504063,0.10702727175414184,0.32991227084832,0.03843398360466033,0.4800863592870706,0.735002390865879,-0.6623970494212083,0.5050234444395858,-0.9018839188603747,-0.26239427279257416,0.3247147383124959,0.054212194948436584,-0.3769416586909498,-0.8491769978317264,-0.24738352107552752,0.18624121063507285,0.33599939645627813,-0.02988776860148653,-0.5219959274917959,-0.28551074897997114,0.08918856892676574
4.616207189617657,1.6522627657615427,-0.0776357212715991,9.94889320671838,5.701953516859275,2.9524690151041733,2.6764131640216915,-0.6652100835395631,4.322890521458748,0.27563354326179845,-0.33904871639983514,-1.1479106488413051,2.5001251813483547,-0.2812136418058954,-0.3203310510659472,-0.4837045392773701,-0.7773998342429318,0.267691328394768,0.00527309788408846,-0.13591063551895444,0.04799040120558513,-0.023501140155994152,-0.0861584334986952,-0.21400696211184353,0.032183560324610685,0.041405900888031956,-0.005807554725691388
-2.1274775922857225,3.189052492105175,-2.3315329644505023,-0.8838569249923999,-0.6577390805055289,-0.5500823589157398,-0.050528937271402535,-0.4219296671572725,0.03534963723854943,0.1706781185879333,0.03142860752861781,-0.5254765333187905,0.4881340105941642,0.3542353024239017,0.5488744990437601,-0.13499779437077497,0.16046981741418986,0.3060154361845595,0.05433715442735208,0.023961982869945962,0.07169394696519556,0.057167654592042726,0.357932638238126,0.10226881893908739,-0.19061124060945367,-0.5503955761665782,-0.31954222737179977
-4.512505264247923,-1.6547050860323977,-2.12844519761826,-0.15020051488539232,0.8277011535483042,-0.07782799251453128,0.4391171025042893,0.5164835666125625,0.7442676208145822,-0.73547064602043,-0.087952042545366,0.5296206548035761,-0.24836351001932447,-0.8310800059713883,0.25487910297515726,0.1594646628980348,0.325168187142583,-0.11601551277658172,0.5150520007782878,0.1528584131273608,-0.1093448505625998,0.03001071546071962,0.04297834693982348,0.20674244018552898,-0.1657346349760366,-0.11723374548383668,-0.012927843458815813
-0.4811526414109323,-0.8457221176701816,5.373128664947782,-1.3541372552247468,-0.3089953146351255,-2.126724463151142,4.109404664752648,-0.5469657974795068,-0.28207885017146106,1.5384195814957222,-0.9950619122839316,-0.08054726713182171,-0.3135807376343981,-0.22042462827220674,-0.03496472444661185,0.3145013570805257,0.06250976289626704,-0.3952433507711828,0.07963838383457278,-0.031042632019175287,0.42867267632759004,-0.17103317523275396,0.02907469319187455,0.06410458615769032,-0.10557113825340016,-0.10578779529622839,0.04845152766936854
-4.238340245453315,-2.1768410541462684,-2.227106325405814,-0.09113718233043286,-0.7503457615473725,0.49852018740221477,0.588673879791764,0.6191056348491769,0.04094753401075288,0.2987771630032421,-0.07639619744829332,-0.08766593669879826,-0.21492832530548361,0.2710610777485136,-0.013266045880597042,0.0922582587899671,-0.2661000889290321,0.027460551643104902,-0.28988658125803846,0.18215028902525013,-0.18049751880617013,0.12049066328402684,-0.07451166803244944,-0.029002869555316054,-0.03300954141979723,0.22575779056518658,0.018762218515226532
-3.6903659802528854,-2.09031733825364,-2.2591160289549657,0.2393441574216677,-0.5052209694526146,2.511567964651567,-0.29372961681453924,-1.4990321059955098,-1.061389430884167,0.6183377087853884,-1.1132935850801253,0.009290320676732331,-0.06521988806528382,0.5206464140880237,-0.20856719096266244,0.027331685675300296,0.3686988934714116,0.02624870841791143,-0.15987815010174236,-0.25664223468099084,-0.3556052870305118,0.2561268937994603,0.19878977237407763,-0.1543968658416867,0.20965674936163384,-0.1245239649598844,-0.4186361385684013
-3.055218450295516,-0.7031255854678607,1.6329891152487719,2.100011055831416,-3.3548614292318057,-0.3662630249424777,-1.0483434589500011,-0.8613951552248613,-1.4020150761580934,-0.3260905448700521,-0.2663710638017995,0.5092076853960464,0.12241510198909608,-1.684704025033344,-1.387677526549998,0.473147200736198,-1.2477884568013313,0.24949604086646945,0.09239528602066102,-0.23918164417853935,0.38496919390514106,1.0692917743891421,-0.22294044456865184,-0.35539040962267604,0.40222263690016563,-0.22395541396394858,-0.3001996936415705
12.727720866096456,-5.8439230294285185,-2.1590709679306945,-0.4603894366449027,0.0018217231183738514,-0.6866882963698895,-0.1965308633080127,0.10072720768520518,-0.1233380064291226,0.1346120618041664,0.23718956126448304,-0.5908686302458437,0.24309581713776576,-0.4698831938393309,0.328002441164874,0.2483127268681664,0.23489165002903273,-0.41202205223230953,0.10302018392224095,-0.22914799377245018,0.22020554568454673,0.3277158791314613,-0.4830239839926083,0.14408664400350737,0.11029841571166504,0.3544257222199758,-0.26047381163343036
-4.243393927750051,-2.1756189060756674,-2.2961838796697758,-0.3031343438585743,-0.7034443268010296,0.4163430019226473,0.6928153180945654,0.605838224044652,0.3199126995388323,0.019624603685633953,0.1589718150593727,-0.09487370679085749,-0.18272094852248336,0.23587329636315327,0.0035712929920488664,0.037309137174111544,-0.13624056602587578,0.17111484755639642,-0.26821219978266925,0.20525759067356608,-0.14437251533968687,0.014344646937264028,-0.13979373855147847,0.07164721727675764,0.08439690892768349,-0.008183597756400717,0.03858772434152001
1.8273923353236996,-3.7467469868769965,6.949372687348781,6.625195489154878,-3.7073791273747876,-0.4779399369697599,-1.0977038467117022,0.22660707259646928,0.4341912489640756,0.14994605535809338,0.3407604232848982,0.235794972762772,-0.3671460989732802,0.18905308710502028,0.5562163282685544,-0.10541777040988512,-0.07792037233383642,-0.024052317542394886,-0.42311860046197414,0.30159608093570006,-0.37257266206720957,-0.20039170407974283,0.14044353882689306,0.03698033140093093,0.2387456487480118,-0.32485106768267025,0.0724922235589121
-3.509497874665572,-2.360903184369505,3.008444066140013,0.7539059452877556,-1.8111288513866164,-0.7506469337434926,0.875782565207484,-0.9116857733065262,-0.16771470324635654,-0.6450680551328118,0.6793290230033792,0.15228234044269712,0.25392131031864174,-1.3791787913575249,-0.5226004009630117,0.16431466838577036,-0.22098057415426184,0.8282918030476422,0.1495476850292779,-0.678963035297737,-0.5582813870620116,0.5880572731766434,0.5450824741573081,0.06921165991436522,0.013052043431690911,-0.1283413068953856,-0.04752542805783784
-2.108155347393064,-2.1118168603220333,4.518735976516196,-2.6218674755944438,1.8509061884317035,-0.18604102004863246,-0.42329118167336777,-1.564697109759708,0.42069191782824783,-1.0203344663884535,0.6047773055252629,0.44942756073601825,0.33217996274879613,-0.9681490977895771,-0.1075774895641399,0.20921985940235746,0.23287484846972123,0.550112492816738,0.13907720533959678,-0.45737750441151115,0.054514455074645835,-0.3180190521802288,0.20682043014717255,0.09905543789381367,-0.09710732187663866,0.2137381846095643,-0.05357792069931512
-2.6567417475421773,0.7228669365390804,-0.11934498122254544,4.63601483788951,-0.24727652644533388,-2.4763447214469774,0.3636860332178878,-0.502719091814949,-0.7938754173625141,-1.7386310430967555,-1.442435156318786,-1.5536878117128654,-1.8013122759264355,0.3580609111835389,0.31862595641842684,-2.0214514864228645,-0.7983163184128027,-0.35722912018088177,0.6914250594736736,-0.4596429830009368,-0.11129426667750567,0.02767154801919059,0.4652283469610258,0.19430212045896442,-0.1887834436391041,0.7743014630943319,-0.07024442048440846
-3.6858799886951346,-0.534053997528455,-0.7718911792901819,-1.5681874171462113,0.6002157432637493,-0.4655469390681477,-0.6696609875952257,0.19596704242445756,0.31332662003608414,0.48805839789495736,0.0352118865564212,-0.2425477304183,-0.057444163475219925,0.09112056385070472,-0.18164035789456315,-0.12914540220099033,0.09787277864112112,-0.09135394008930314,-0.1493368511924589,0.008938457919160796,-0.030080825135477,0.06796722401746272,-0.07835296528362821,0.047901381986516695,0.07993906762023478,0.10589792783573426,-0.005286079468605712
-2.8838700127274874,2.4830117644007026,-1.6020888466829992,-1.3678334473323996,0.17889573490889393,-0.6166228715976508,-0.10746806586543035,0.11395605269562009,0.37901216159872436,0.2330328468925353,0.09942554687558587,-0.2788305309852373,-0.2050744095637896,-0.11012212224520491,0.33129657867304935,-0.14871869487343228,-0.2705401826617665,0.2890768858956658,-0.002211849535070157,0.40274820591402094,0.13510177088019235,0.5008154198391747,0.03450451603755539,0.05032666997083682,-0.10650371660799376,-0.15597591355800913,-0.33397452243630565
-3.6494294975109955,-2.682332806195467,0.9058041046207393,-1.8649726831310358,2.004180097781512,0.05560595022545672,-1.1515812783890098,0.6999842324040956,0.1542690031448943,0.663691205411467,0.31043240670872196,0.4968607487474247,0.060733065905480346,-0.018434121379820895,-0.1881090194268985,-0.135093912002984,-0.33712086812013503,-0.670048833105065,-0.12763182119763705,-0.030825657682414104,0.4066564702003961,-0.22959049102946819,-0.2610121604529708,-0.1682994565927785,0.023667416503239797,0.01876592591286684,0.025171565405686824
-2.274845407774954,1.4124597532796568,0.6015936021316212,-1.7437173968015292,0.9839667755579495,-1.3668712517725172,-1.0489617054940703,0.7678112852529422,-0.6107797915166935,1.663803433816258,0.548724954849072,-0.13347454826124913,0.5463757048429988,0.4192813309704663,0.03718304138821637,-0.7021021231893476,-0.6101437995973452,-0.2309082060218633,-0.286380816387633,0.2012677833466789,-0.016525083950688458,0.21136776087557618,0.07928079913166863,-0.25206799003177455,0.26892069636994864,-0.3728430340034277,-0.07700663586572576
-3.5791636085175584,-0.012144717649659763,-0.8217359988353569,-1.5673125525226865,0.6976870380699789,-0.4409591689086227,-0.6680464709100297,0.21245569977740908,0.48874179867899636,0.713525661826581,0.0825078494403588,-0.42895021901254976,-0.040392868528193085,-0.0021920426376978407,-0.04221007953327571,-0.13937125220443103,-0.007184142504636946,-0.1574611168535796,-0.12512869818136776,-0.07729692641479079,0.0631223937502359,0.07923045420368731,-0.024343204720873396,-0.08686094052163533,0.014375015019154207,-0.05012312151657945,-0.009001561729566121
5.463533037777083,8.092371412702821,-0.48447332650638636,4.574473019972987,3.930776880006812,-0.8128731333780378,-0.7970548901924307,0.7043159827958227,1.097974819733689,-1.130941558931893,-2.1326292247970455,-0.1504219127839862,-1.6387525581703,-0.575163128304329,-1.0121737212256912,0.17121722527592714,1.3237422387619342,0.0710843220028061,-0.6049499922528979,0.21318907373570337,-0.11792417091889676,0.0156758598362842,-0.16891656868397015,0.07641851318794389,0.23306162836906785,-0.24405010599970145,0.21089344468418625
-2.953103255245273,1.8720059623737375,-1.2598936483727512,-1.4992660007039784,-0.010899055647158193,-0.7508019486835049,-0.36840031186373734,-0.4126147716393408,0.22037133748568538,-0.15981215413465258,0.17689081672985552,-0.5611285828563245,-0.0407420983848184,0.11666669782692633,-0.050730500903297254,-0.037277553058804105,0.21330979708099998,0.5126157612117791,-0.1089123453964215,0.05667387460019343,0.08060441379699776,-0.03981515430833064,-0.0013256609127257043,0.3110280547449572,-0.01923173901709933,-0.1973829864215459,-0.0033004239187120893
-3.6962857558763274,-0.18426949282612756,-0.6900907429462358,-1.5951017937458571,0.3936627752634564,-0.29120753334859145,-0.6231387931466678,-0.024389069765865606,0.5497507843658547,0.4819409556828388,0.2123231787100844,-0.24628315086508348,0.03296349278590507,-0.08609755825453003,0.043516758834093776,-0.10616483751442432,0.027608812109864486,-0.09953333740693293,0.08886759815164434,0.1049617343586863,-0.05399156723305764,0.010230677688630268,-0.2034483449747507,0.032578053289811074,-0.014929333450150973,0.07309700063089362,0.0949793383637596
-3.718155260123552,-2.3903744389701713,0.6851981387746132,-1.848949326582056,1.0198330658269887,0.07229289897904036,-1.1297737259986342,0.08035851909235739,0.17860793241063797,0.3431817550752991,0.2900978138546684,0.21773277676662242,0.3554966717018117,-0.2590026659160511,-0.12864119071250993,-0.041770486463570886,-0.242595189563412,-0.31688685465716565,0.016240291954436444,-0.003491223577315123,-0.008764214455040425,-0.005686693650373274,-0.1811137694531484,-0.21796423716810218,0.0017450195129444946,-0.004303336338709912,0.1945316439803974
3.869420223724185,8.314206947167094,-1.6651619316927038,1.2161070339891413,-1.9586687212261003,-1.152065132805554,0.41853902455417075,-1.1067894448371052,0.18609469820607566,-1.0238725997223554,0.6517504119093606,1.060982971379695,-0.19065194059242968,9.881468228005756e-05,0.6326500425303226,0.07005249743829017,-0.5895302007006361,-0.3809457890703417,-0.5974692901470252,0.1254133089419884,0.10653342958270912,-0.39487083827674274,0.015541329851820026,-0.30291691647635527,-0.2554535286474962,0.1000064242542561,-0.6565100162447945
-2.6390923779816577,-1.8736528118260305,3.2822587746407907,-2.1714130566319954,1.6162572341675927,-0.4182710324055867,-0.7463778447461656,-0.26682245562134954,-1.1169082608867273,-0.31983675866409433,1.2676287670103492,0.19505711488346605,1.0135312629829023,-0.41473355269344836,-0.2593174856184334,-0.33553466153069605,0.07440266917555663,0.034248100831505875,-0.10656313430912036,0.046974453860885564,0.04667804761270941,-0.26803620459059346,-0.4536583689866547,-0.012246393166316644,0.37669749522035145,0.18856953445157593,0.14373909312957717
-2.7245763751162486,-1.0200861225720186,-3.791730916036608,2.3916591710163413,-2.037775091808681,2.847807825188277,0.908103038340661,-2.935085740596278,-1.3803612743953633,-0.26708277067088265,-1.2513872890829991,0.7322316591936752,0.04366286556472506,0.29082652190002256,-0.6159337916366434,-1.0931261918225816,0.8751199153374457,0.1723715974736948,-0.043595730621001715,-0.09429975102952094,0.4967030304218676,-0.43286600706311645,-0.7540706931760883,-0.22986287100789266,0.1284192286938099,0.20013739287042712,-0.13917573873215033
-3.6370648671611168,-2.8699243090292264,0.8611623413079573,-1.5650313200045896,1.4886965984341207,-0.4196331466522226,-1.2331857863183966,0.6911363203493124,0.39857140251072404,0.5843311530755935,-0.17662864044479776,1.0111335114618751,0.13469326870162263,-0.05076160646895527,-0.5856297771418789,-0.48785162793574105,-0.13403626498054444,-0.4681055207073385,0.2736553902962948,-0.09992370482855079,0.08076733588415569,-0.24356653933123606,-0.16741507668034689,-0.23111484772764304,-0.07916613355540557,0.2857554909062913,-0.006943193297785613
3.870356322555679,7.914105819396649,2.414746218615548,-1.7676610526521226,-0.6318551134452063,1.620189424712536,-0.6705646674236102,0.6705015645776219,-0.09083130316265071,-0.2838612139797918,-0.4097632107289093,-0.06990702102910307,0.18719237058490032,0.0734477658689173,-0.018291163384412633,-0.3197455550375722,-0.04153815918436011,0.31025325160713624,0.3334950824045513,-0.7823397926088574,0.3456552460904603,-0.26431683609392514,0.053413291906672954,0.24498151299006565,0.13666922615806573,0.09213476079387259,0.15080368813172523
3.5036412961857346,6.5411572849605255,2.6140204484934424,-1.981994640420261,-3.012310032439342,2.6734661327440623,0.9186082154209151,1.9289878825251843,-0.9430336881410655,-0.06764482842243455,-0.21739100116538268,-0.813303640842759,0.3442193363518409,-0.09405985435284965,0.1841396316424521,-0.3591275398514223,0.4016966473379551,0.08781333551801854,0.04771127534962414,0.17424061044158828,-0.07025946464472799,0.23919865763451317,-0.06525769431271021,-0.34185001121223185,-0.028953314415745914,-0.1212782939472687,0.1462572471627872
-4.272112052926867,-2.1572832686758865,-1.1695632421140396,-1.0565263619222085,0.7631970152195011,-0.1400228114147396,-0.2232087329206395,0.4546461508883885,0.6191635545933084,-0.12494536338347272,0.2977342689492334,0.2011936406345535,-0.1738308724172774,-0.22476557421008073,0.1158339574191412,-0.0768222897906113,0.013653462342200696,-0.10970949834222435,0.06503002609523466,0.07359433383310517,-0.021228460038925992,-0.10465682187536882,-0.016060242633016236,-0.1125443422540504,0.09226531908752357,-0.052797327238788605,0.08399539596277099
0.6970746763456933,0.9036058400965842,0.694818476814771,5.139901777088439,7.931758186186799,1.2759942670883853,-0.014412927605483582,1.590674848147381,-3.397829066856649,1.1891059280551777,-1.320738447267684,2.68327781065164,0.3219608310384552,-0.1254479916125996,1.603180405669284,0.23568452442324814,-0.20473058132114227,0.7628116892822591,-0.5530983878942123,0.15058772591634356,-0.07441667500445823,0.40380701434920435,-0.013737806473724135,0.4599897014728168,-0.21748735425031177,0.2623723122527313,-0.13825586738812534
1.509553993486197,-3.733671833524505,6.714195133531209,7.206399489244431,-3.9566933950944194,0.12248915206376547,-1.232851108674574,0.4807519341589309,0.5556184324975104,-0.01101497611100727,0.08110564254456247,0.7316625295697303,-0.637979826220721,0.28869351614912364,0.30527842217997775,-0.1261374139050056,-0.3405867911770945,-0.28515616283553247,-0.2905093585915679,-0.17711617594911305,0.09903990917063467,-0.06172544870532928,-0.15258560943821228,0.09539035662864413,0.08623596591835825,-0.22224677470973667,0.06973570558225196
-3.1347064468797083,-2.063726724959158,1.2318433195748617,3.3256586132573234,0.10786178201485748,0.06205718389247553,-2.225398146723178,1.4633250353250962,0.319573840500741,1.084220918417135,-1.2573432689038484,-0.9129736452950559,0.4513259734976915,0.9118431797139126,-0.588247397177107,2.278512957722067,0.9390608209326864,-0.21138405555780734,0.02141069390871802,-0.4511854550461379,0.3008278068537986,-0.38919416388029404,0.8499250317304436,-0.12365138053628676,0.2998897454456539,0.44200650443139006,-0.14901999654515125
-4.3010478310442055,-2.2248561598479233,-2.450277861547777,-0.19935808092828672,-0.3481317752102203,0.400081251732843,0.6702131071975442,0.8512982174404852,0.29417360480255916,0.01834913552201244,0.12100774327865849,-0.08668464312893281,-0.3008505551962586,0.06165597413007519,0.10258389181516886,0.10825291986867872,-0.18952661197143636,0.07136898156678376,-0.18402255495963174,0.012312156702270857,-0.18932979853301576,-0.025527092101129797,-0.024651329697716072,-0.16229512416763564,-0.024555222142846774,0.08907119383081312,-0.020967353786980898
-4.228861453056351,-1.7447090088797457,-1.573426293413776,1.295741652774357,-0.026119524701312274,-0.17342969716130033,2.332347590029174,0.8658859697639296,-1.835701562959043,-1.7031746372187482,1.8283444202843948,0.17950179801721527,0.48127122493601926,0.703426224160095,0.5369908479503535,-0.0571129878841426,-0.09239912917984774,0.5714672264805324,0.08050166841349932,-0.6259118625762196,0.1566875974741967,-0.7684535158713782,0.15763288137446652,-0.09661381000744407,0.7758824663707892,-0.2535606094867231,0.4877907100876395
1.457698319860909,7.009679083948203,-1.78027637644869,0.0851995383053257,-0.755984175334014,-1.8085020336680284,-0.14322161755071441,-0.29972153619155795,-0.21595310492794054,-0.17519651388928262,-0.13255324704587174,0.3020454336796362,-0.47640128213714666,0.10251615134780002,-0.165074261228376,-0.06369789666989803,0.4330759302949984,0.3472218619867832,-0.525085432258004,0.8200377166648417,-0.0933702886837185,-0.10297630054997084,-0.3073669219518017,-0.2717160610750977,0.3873628692531145,0.07784968489021458,0.0066654886270028114
-4.280595329297958,-2.0863650721050884,-1.1689672452071873,-0.9790367826308224,0.89163724655118,-0.22574422803452382,-0.21259644458509272,0.5653811342595705,0.6689222417239854,-0.06796011964063231,0.09826684173153433,0.3060076151781725,-0.15241869229986882,-0.26730655029584466,0.11465672806568328,-0.16591933334260597,0.12467568375168818,-0.2155437419560465,0.2247046155123049,-0.010618834522011934,-0.008086440071255821,-0.018320228369355655,-0.008531512267452013,-0.05781235646034726,-0.0016641812263713772,-0.1138761087590104,0.061274540583747726
1.3633927375156725,7.1026270880452635,-1.6764982770880559,0.07659680980870058,-0.13623460702104773,-1.485313589637039,-0.37876250271521267,-0.11983404101069833,0.34282577092841693,0.07934883029025597,-0.053635173038187545,-0.19209029075542813,-0.35295499301585165,-0.09676407624643292,0.45667322660727094,0.1276959929235144,0.21149604023208615,0.06828153951656729,0.14660220334996105,0.3420401588336947,-0.23191103399401908,-0.1522526478178468,0.33981030002823287,-0.3388478075317715,-0.1068826691340833,0.08799360029690587,0.1286357963218327
2.4180274338475347,6.7837728768109455,2.7511200471137256,-2.3939157815440484,-0.21352490335121863,1.005967129994282,-1.0164618961916423,0.5449822837409254,-0.008043602889984215,0.0865204030149182,-0.6316723846884706,0.34788020122177465,0.33604443609099766,-0.05124288840998576,0.1712348493134253,-0.15766416402639355,0.44184013086495844,0.4171189177047073,0.6008940728422223,-0.2902886539769284,0.38697003478354913,0.12406969649317949,0.16409767422950416,-0.2301624238515235,-0.04553656716589556,0.4040271954640255,-0.01893392082061908
-4.220098444983557,-2.189346913602416,-2.145005239686725,-0.36630216807707927,-0.3754106904308985,0.271539966350538,0.24993428544977078,0.8062882528696443,0.004823853438533527,0.2270433341884868,-0.0009783332284352443,-0.20740116956954216,-0.39042108581859297,-0.01125640737000747,0.016327415895476316,0.20032931966813627,-0.295772496822643,-0.11542742425981782,-0.3088321204881086,-0.046204216925505824,-0.30985824363930503,-0.023753793249750906,-0.10877949478558699,-0.09158186535625387,0.022682735624351295,0.15729378992861737,0.015394595653795331
-4.295796643267899,-2.352232933567554,-2.4404281049929697,-0.09522366301986243,-0.681678805026846,0.5600084750928864,0.6717455296864947,0.6813234880255723,0.4134102354317922,0.083627331599894,-0.019577091458741848,0.014125217707658727,-0.24845594905943785,0.10123048517265343,0.12657509168233638,-0.0697338603260869,-0.2603281346655347,0.16028674620854566,-0.410729490346683,0.023753873203148878,-0.1779579153357185,-0.10576033203798384,0.07395695754980276,0.1622019373206972,0.01053621204858601,0.09176964152766037,0.026659451659806273
4.801773724793684,8.470371225127288,-2.6330313443317874,0.6933851367530157,-1.345953934957082,-0.6979603308739974,0.37655911479325144,-0.36748651431162865,0.5925783100736062,-0.6673586065972437,0.6602209563095502,1.6222769888297686,0.15719529016110578,0.715981823852489,-0.14091748858597067,0.44729832610695414,-0.1962958722829727,-0.26977494882182085,-0.35984950421128103,-0.30921236034734534,-0.0289318886786254,0.12171420130209407,-0.059064882113332676,-0.4481219208109918,-0.20901723101056763,0.05405226217528015,1.0204403691783632
-1.744256828954429,-3.800370497261607,5.857264385326942,2.334209911473715,-1.3929926443752274,-0.4136420161096506,-1.7086337318571225,-0.4665525083218773,0.31958187960974693,0.06259666817399198,0.16860539991327245,-0.1372546157853757,0.2224314817639591,0.062312287660039066,0.5046242239136647,-0.01085001474265327,0.2042292847537924,-0.004074595269432456,0.05706206759934685,0.2517553718786517,-0.13649602211429604,-0.2140201979539109,-0.19001004011760136,0.04107810175966725,-0.1278665816831766,0.0468428288487301,0.0033723546555912334
-3.219588771284095,-2.338247098429739,0.4236316691140393,2.3613484285257207,-1.783912030075763,-0.7861877211010393,0.839568970063207,1.3113295278828292,-1.1645563129428125,-0.5213022461681664,1.2723897351556512,0.27584813192279617,2.3349057550581156,0.6635723988480429,-1.0119651829882197,-1.1071317543131611,1.4231862924635277,-0.7394182346692089,-0.2889764233469762,0.7530139813643115,0.33313961150581206,0.6213862149701597,0.47145023337641073,0.5805687863682595,-0.6323501554821516,-0.030538933695381975,0.1392754399181125
-0.4811526414109323,-0.8457221176701816,5.373128664947782,-1.3541372552247468,-0.3089953146351255,-2.126724463151142,4.109404664752648,-0.5469657974795068,-0.28207885017146106,1.5384195814957222,-0.9950619122839316,-0.08054726713182171,-0.3135807376343981,-0.22042462827220674,-0.03496472444661185,0.3145013570805257,0.06250976289626704,-0.3952433507711828,0.07963838383457278,-0.031042632019175287,0.42867267632759004,-0.17103317523275396,0.02907469319187455,0.06410458615769032,-0.10557113825340016,-0.10578779529622839,0.04845152766936854
13.205628846874752,-3.693392949614125,0.05626498862555714,-2.3288260424754266,-0.16934703813827826,1.2142718597627826,0.5460044489578078,0.16852884090593057,-0.4140316968356862,-0.5180409993618431,-0.8019347721354668,0.0030609235303655467,0.7892990411258372,0.0842743391504045,-0.16316624662750895,0.590273270567122,-0.6262668576776166,0.20619827458521348,1.5925626417794165,1.6875715525060533,-0.7830243931568066,-0.43102270274377297,-0.33484955206457295,0.1625185211329584,-0.0294574098645108,0.03611484009050819,0.056185886313627545
-3.5594745368211584,-0.7624732456294699,-3.4931749139765698,1.0747716807418777,-0.9809877950707471,1.9165599129148028,-0.092193102865614,-2.2526323223145983,-0.6751703407882351,0.07173508978422691,-0.7298088479148339,0.19976213828361425,0.4973495773411624,-0.32793261953738856,-0.3051941797338082,0.30576994588258183,0.00512643876922219,0.09763378902326827,0.0260587951528254,-0.11087579801419224,0.18635665915545924,-0.34737380477138774,-0.16949381600896463,0.25123049804474124,0.11780057810519996,-0.33511675994898465,0.05696841071093143
0.28577969257526936,-2.114736840434267,6.287603054052371,-3.6142858845443815,3.50731624798646,0.24266203374470385,1.5340359776375683,-2.153489421710181,0.5531426185289482,-2.1207068954274644,0.313273976968554,0.499424339054072,-0.7096305423294987,1.5148460671112982,0.2293961197730518,0.36702404191663207,-0.11014633410304486,-0.27291713586802085,-0.4946170529066162,0.11314559889778457,0.16026334751252397,0.4490484943154358,-0.2646175998485323,-0.012768362019605507,0.043643947921300864,-0.10074785907409167,-0.008750766807805722
5.085094075866071,6.511733468688807,1.4328519555924701,3.621770017049371,3.114506683696827,4.824807755115661,0.6341683254725533,-1.5489441563454873,-0.3314930169084509,2.8437231765024658,4.3178113056441685,-0.43758674191359126,-2.303396954910057,-0.32204856021517025,-0.16383288970181137,-0.09113308663282324,0.5182773032820174,-0.13884143332424911,0.5249688424345748,0.31707681277103605,0.17319483278326914,0.10691991215222751,0.2587738366355451,0.011115476788743875,0.008719430568148334,0.10292681241220969,-0.06070135415275897
-4.228474064100851,-2.0487903531364164,-2.009783225584883,-0.14802007381613935,-0.4404150920644597,0.26680621991955905,0.24321170819982207,0.5162848538124886,0.044485369838624333,0.29614186436517886,-0.009160416230153345,-0.23814878642018592,-0.2041048734256172,0.4898359075594232,0.04338675277837051,0.14584536850758267,-0.006652613636073158,-0.1296796487945076,-0.12367007274918991,-0.019547822445519534,-0.1691774397686808,-0.00475835910923356,-0.17186513847482257,0.004751763989984118,0.13766550742644357,0.030950995273160628,0.11011716123627677
-0.4811526414109323,-0.8457221176701816,5.373128664947782,-1.3541372552247468,-0.3089953146351255,-2.126724463151142,4.109404664752648,-0.5469657974795068,-0.28207885017146106,1.5384195814957222,-0.9950619122839316,-0.08054726713182171,-0.3135807376343981,-0.22042462827220674,-0.03496472444661185,0.3145013570805257,0.06250976289626704,-0.3952433507711828,0.07963838383457278,-0.031042632019175287,0.42867267632759004,-0.17103317523275396,0.02907469319187455,0.06410458615769032,-0.10557113825340016,-0.10578779529622839,0.04845152766936854
-4.223541396118272,-1.9065805994303573,-2.4447476864335895,-0.09779182629086307,-0.706873961300367,0.8490867471854364,0.7047294565868545,0.17123849850756492,0.046237473947179905,-0.1918727824206865,0.07815651325204737,-0.4678345071060964,0.05538751917969581,0.28081408661185975,0.012378926657740137,-0.07844694679163097,0.24344291796953185,0.04140582668792073,0.033238688648916985,-0.049108071949201464,-0.07153023060958219,-0.10999999996738344,-0.15800489996637562,-0.1887079887360027,-0.10721825130529805,0.004929474206457086,-0.11866030410710687
-4.209585653225173,-1.864132184456003,-2.8614330695378194,3.4972494773243303,-1.5266605493454675,-0.01999144478018066,0.6836404278395981,0.8714191324520293,0.19527596559818597,-2.7122359680408996,0.8298266195349078,0.3404160059228625,-0.24298045882849942,-0.3226195031955756,0.2150308608792541,0.5569720535057584,0.20278594570720715,-0.663399549963087,0.31211424842506275,0.7729692423834832,1.1987516353439396,0.5737000838701402,0.17084844752116668,-0.11238795653612199,0.3740165608681297,0.47819414397161714,0.01723062499409666
13.037107988560924,-5.591344773721962,-1.8913699397960502,-0.6001662542244507,-0.1594950036941086,-0.2730417967383376,0.012534780571011752,-0.15677448250308187,-0.27969301344849135,0.07581987968798479,0.20701533160061547,-0.20572337294986595,-0.02269272391229365,-0.302245023343032,0.1711861245692205,-0.22053512066966496,-0.017549482358109898,0.05199799631426442,0.0322822873459536,0.2907292737484471,0.22750195848610982,0.17093391128689703,0.46982734686264116,0.16534269823963516,0.5165021255852611,-0.25559220249071385,-0.31916681020811366
0.31329602727595834,2.547165661558843,4.609725797192208,-4.314797879066637,0.8659663486554506,1.4609595120207155,-1.1312636587561653,-0.35831305077642955,0.5702528680762244,-0.3189608592196318,-0.5603014150624409,0.018788338604542848,0.2749662425716846,0.5973066759329937,-0.084293134232555,-0.25848380226616785,0.0970736953772903,0.16170712995646783,0.27666164044258035,0.034566939865440294,0.297470669693721,0.22534899871414033,0.06537407464872283,0.0913628859712621,0.04180012387647361,0.21739532970652448,-0.1758230378607277
13.061946915655433,-4.859959285903275,-1.4031974401644884,-1.403160873580799,-0.29591181939495403,-0.09626291126514597,-0.3761151137509245,-0.00027881199346769386,0.025295302633747838,0.7815637432026603,0.04981201297447939,1.2354856110033607,-0.4552112652317754,0.8642694924945481,-1.3540008208576164,-0.45653993988784525,-1.1404840771980562,0.6515110274362458,-0.17427976400339146,0.6357084732175435,0.2672222028803192,-0.5902248062599301,1.0073326345491926,-0.0033152672848091175,0.13630915147731415,0.1996346617013477,0.1404412329391171
2.076943398942518,7.262303147956114,-2.2930059938457994,0.19975827445237737,-0.6423494866498524,-1.5041782534555461,-0.2439446978122426,-0.46188807422498046,0.1945267846222222,-0.11571829967721016,0.13138907176140663,0.194849094699382,0.09300477870248577,-0.11783281294181243,0.22071141953547782,0.47890765001299584,-0.7798157356900653,0.33957597777445264,0.3132851926052986,0.17431879926056867,0.45984801178653517,-0.07951799688662592,0.3216440634930536,0.019949763189089753,-0.41726821338316483,-0.13126740213701796,0.3265204113470212
0.4872551492347075,6.619134628791548,-1.7584256456903409,0.5477695171896815,-1.1128375121231904,-0.8434467531233251,-0.3774332505967739,-1.4582352465966493,0.0231279662354986,-0.9980505818943348,0.4420163110496375,-0.562416078651988,0.08168905488695045,0.034046022913910415,-0.03062410766848352,0.08238114210450283,0.13432379505692557,0.5121975903289585,-0.6116251293244984,0.30205832826579115,0.40426225815119193,-0.8731993053527772,-0.2551578536420967,0.6435616917861718,0.09032915215605808,-0.19666781671376182,-0.4683433977082757
-0.11193805695227477,5.664765054352058,-1.6582676988305554,-0.8195336232955709,-0.337446416884885,-0.5157219703895585,-0.9908839484209089,-0.6004363365094122,0.0477263634871023,0.37185814052306865,0.10370600064740843,-0.5417298539227554,0.5049538647592492,-0.3367054121920354,0.11249496249063504,-0.1397457974222018,-0.4238669336851018,0.145906316658623,-0.09987384299332447,-0.11524058367670423,0.18588451840248196,0.2815700877862084,-0.03442891157944242,1.0808990304439985,0.1096685210249324,0.31273117759917524,0.5918473895915091
-0.3388220889849825,-4.096151937310301,6.497390407889092,4.0105174246708835,-2.627045036670957,-0.45314577166724235,-1.6108413807423898,-0.287019502904389,0.19245155819988363,0.12727535046950544,0.11338128935295196,-0.1544603187029659,-0.034181512734064834,-0.17425486455495282,0.45319189413481664,0.10419728204352591,0.04368905598385755,0.007957495558877448,0.08015675122052196,0.18470531374817115,-0.32856534671124255,0.017416764151194482,0.1272881737860675,-0.09986495286272003,-0.19494852455748057,-0.048632629397031585,0.0923097296652677
-4.117142798437863,-2.261199657123699,-1.8252253470088549,-0.22690874454472082,-0.5950945091128294,0.9465476717804303,0.3500186260945523,-0.1274183588167049,-0.1846149155001282,0.12598270134399817,-0.22864210798423748,-0.26643973803310694,0.02794644095863468,0.365093703159888,0.14587634216373405,0.17836130125699998,0.017393199234270473,0.20834883057684622,0.0526926998937227,0.04748920714700314,-0.09859523098834981,0.09499148150834733,0.3103052068977579,-0.18183119454519378,-0.425481214515836,0.06264926488952706,-0.06518614154276273
1.8188830839877044,7.163981637257031,-1.8501244886250887,0.3350700212533823,-0.6381068128797316,-1.8445402584149686,-0.5617042109998586,-0.25167134977143607,0.4270040340629452,0.20642718411471764,1.0247839235132419,0.38165744062818224,0.22938446340970475,-0.34469994312365504,-0.5703289204322813,0.7008616605526251,-0.18389437536836248,-0.6870884430035383,-0.38643573588285196,-0.09173971283886341,-0.13704058169957584,-0.1305648589891743,-0.21741206752351963,0.6681657439209424,-0.39290312033766644,0.3066443247114286,-0.37087797866396965
12.819386004162743,-6.032028711287624,-2.2717384890232095,-0.1454758388229579,-0.24250556254501646,-0.7592721195928664,-0.06936928357290352,-0.15941560376845829,0.05267091698869296,0.24559339427459587,-0.02244140122129852,-0.16535815776753202,0.10586846561860888,0.28177805200666994,-0.07804215490807631,-0.1870871429738767,0.2802529007652221,0.042681515036197805,-0.26434401149231657,-0.4434386264400789,0.056959482556498936,0.09336342067301943,-0.46041656573356965,0.0013678219531140083,0.02000948257628364,-0.31045340328540916,-0.050985159955467124
-2.1274775922857225,3.189052492105175,-2.3315329644505023,-0.8838569249923999,-0.6577390805055289,-0.5500823589157398,-0.050528937271402535,-0.4219296671572725,0.03534963723854943,0.1706781185879333,0.03142860752861781,-0.5254765333187905,0.4881340105941642,0.3542353024239017,0.5488744990437601,-0.13499779437077497,0.16046981741418986,0.3060154361845595,0.05433715442735208,0.023961982869945962,0.07169394696519556,0.057167654592042726,0.357932638238126,0.10226881893908739,-0.19061124060945367,-0.5503955761665782,-0.31954222737179977
0.17697628438441002,0.5734526622989359,2.3109045700893827,2.299534576576432,7.023584717589276,-1.4257077950839323,-0.2011562140100676,1.456700917222407,-3.6768013167320692,-2.2061062441325103,0.8324355634955665,-1.9752208049686606,-0.035800922324610567,0.3062807992450919,-1.220213221261482,0.41770754714356745,-0.5052021864506647,-0.34326344956627414,0.1820978385027542,-0.1651700474194081,-0.2015561006077999,-0.3612624917092007,-0.08604683721236178,-0.3352135292520708,-0.35228533459944544,-0.38725387437089165,-0.144819538434375
-4.054450789265519,-1.8742690950690393,-1.727358022484005,-0.41748765687820544,-0.16535678554364724,1.3042840527424155,-0.31902411642503237,-0.8570194827715474,-0.5630131675818398,0.028581504107426037,-0.3978569501635271,-0.4547073159064124,0.21418456098055177,-0.14959567127059792,0.28108303937747886,0.3278586627499354,0.13017857224326518,0.0622915610126638,-0.22729324024003233,0.08745319503204602,0.23332420087423417,0.07692491736162592,0.12728102809085984,-0.299091017619179,0.03211583415889979,-0.2701754143213845,0.20672974023550006
-4.262872489103923,-1.9751646580145117,-2.2937376796993645,-0.14340966342424424,-0.4628291567473415,0.5790812148135791,0.428862043161804,0.19147803328708812,0.17986438438002156,0.1192911716536033,0.10401541922155641,-0.20208269463902623,-0.037303069567023936,-0.06083850601262122,0.25325843859087954,0.05397008362943218,-0.3473655343428476,0.23462583812095952,-0.3670970537810293,0.18066197111932916,-0.11542281319256753,-0.00013254498830480785,0.16812466094219514,0.021938467898709332,-0.0480027165018216,0.017949546029844263,-0.15792693176245873
5.142122301267863,5.778471873097053,3.439830563008635,-2.6390901716854467,-2.5705643231768414,5.680692665548362,0.6764916945002506,4.126571235711605,0.26752268854509187,-1.1192066004368322,-0.6680389716362004,0.039525695028046384,-0.42500901735626734,-0.9605418270731144,-0.14044911760977677,-0.0688721385233162,-0.5937373637689595,-0.8632193331306982,-0.3572932596402915,-0.3279987010574181,-0.12340241351514339,-0.3960117179081069,-0.05351060245859605,0.6484784622036144,-0.020183469192700032,-0.33840869962295095,-0.1753734587853682
12.914203655888436,-6.104291747165157,-2.0966920683932364,-0.3378085221351094,0.08573653585908247,-0.2906924056981749,-0.3236630471583271,-0.0004262112325782363,0.003314383724205364,0.04686763660321077,0.41295152470120855,-0.17680556067184627,-0.2367321071595898,-0.2990562621631238,-0.017095021369838804,0.15846579748174994,0.5859920522061903,-0.18208664368422342,0.23012985208202313,-0.04173651747542007,-0.03339861866675491,0.036006434603720695,-0.09302866950433342,0.11078514012475739,0.30742730428484727,0.19133680811728182,-0.0170431019400262
-4.233707691212527,-2.1686430643601904,-2.4179732756447656,-0.16343273162955335,-0.6563445225667945,0.8163709410328751,0.4433187515863547,0.22107488476290282,0.0663239009065302,0.07989798913921126,-0.06571564188401145,-0.20489716645730768,-0.12033893183723308,0.024230604431804012,0.13051820705978112,0.01824309536076147,0.032783870773641414,-0.09404167243635428,-0.06333020497265554,0.027928843770820163,-0.05723157424924037,-0.16677869250741742,-0.15338938901506163,-0.28667276707100575,-0.29160260612147343,0.07994213053701589,0.037365051515523696
5.016924468076654,8.875533215911709,-0.26084679042835274,1.8905465384430185,-0.8027489297034793,-1.0820985267110375,0.2782225500248565,-0.13453393905546404,0.148245770789118,-0.20158654657454883,0.24820574350784,1.2934025322487532,0.5130259948584927,-0.14453047496755875,-0.2000180143609554,0.2637612994001551,0.06503559931081666,-0.468640823450862,0.49412502015190624,-0.12388993559337619,-0.4950320919140582,0.019977439657853587,-0.4132493470020755,-0.834416865302264,-0.3937169994325022,-0.021742096066698698,-0.33490962161958726
-4.199049930605146,-2.2160929349591,-1.1495989803137168,-1.1897220347137716,0.8060479390883476,-0.1652192226575998,-0.30930632049135126,0.5202795823248227,0.73302972904606,0.12543417195894083,0.25043486590842046,0.45101484870162545,-0.1201084891208713,-0.14772112342460927,0.022961245811326317,-0.21854260768939363,-0.13525262158670387,-0.16860627040317494,0.07032034720583026,-0.014714211026570907,0.0452806359683502,-0.09677471281577504,-0.08095384555516302,-0.037020667889424506,0.0915762308015524,-0.03667637513893983,-0.05212821539139765
2.4107900050735007,6.659046615770525,2.424652587881154,-2.569216645911389,-1.0984256830856014,1.3087813647269093,-0.37910535739664075,0.6463559051950545,-0.3362902830089652,0.07442205098346545,-0.3482456964662552,0.15740036917040098,0.3581344024746389,0.15160829900756476,0.4092971622521407,-0.3929718141216645,0.4318449835863626,0.6075767634153046,0.39091464230840534,-0.5954460792969696,0.31959076806045944,0.13179998665106354,0.25110394907018896,-0.41679331913228373,-0.032265714878370017,0.07111583334140523,0.05754212089227234
12.83132116874475,-5.655544237888458,-2.000130576165532,-0.8301578572731381,0.2666775347062828,-0.5530639690256622,0.09080726352238319,-0.06474359112378862,0.0004194676666530693,-0.23874336796111695,-0.054953201292129335,-0.9578172444138997,0.2119968438667996,-0.37511701903150985,0.6629338434239549,-0.056407351203056025,-0.14147117660503652,-0.08062327245126115,-0.47726466238571463,-0.14774922113399175,0.24459361895990503,0.39597008699660136,0.08641681045599758,-0.23482039675516359,0.027786973937279098,0.012824276318209411,0.18930845106281124
12.923288424699185,-5.017253902188803,-2.202534937315719,-0.6737351640337611,-0.1731660573175826,-0.8249274384086576,-0.08379241628417605,-0.10956450742591743,-0.38003351958779036,-0.2444409031668383,0.0656262725878508,-0.7705912709031252,0.04741618428305774,-0.7981537337354121,1.0755900229043422,0.235338007057645,0.2520956794007495,-0.07441525895442962,0.01414256298254149,0.1484961402386561,0.19815250850907393,0.1391418803079767,-0.3311383006814324,0.007489693711670114,0.06195375949348971,0.0224092778397263,0.2968025700933263
2.3319060317102287,7.195434083714535,-1.9662952910847518,1.1116593197498803,-0.8945878887785742,-1.585013785542078,1.2701419481005167,-0.7466631440187799,-0.34425887439702835,0.15846795750336143,0.4144072690855527,0.5206812143732608,1.103329303363649,1.2292708697555972,0.3585790569822861,0.36953953554968194,0.06052133172081458,-0.9687454913406209,0.4820747551040498,-0.866950884710558,-0.99991925530067,0.20926254314818524,0.21006292293901369,0.38164630448017484,0.7576270620647323,0.15457942440490996,-0.21667502690142937
-4.216259310022631,-1.8382668647603768,-2.5873676581609506,0.055624382549113414,-0.5499484232310047,1.125988020159735,0.7423950916564592,-0.3103701063783117,-0.1367713315675691,0.0250780563752494,0.0691286889781298,-0.32784775179427617,-0.050923923821515844,0.04805129068864282,0.1983058863914066,0.2419421763338889,-0.012642096946098092,0.1982874018253432,-0.043509195248980594,0.03000129688838948,-0.18063897964994302,0.02721700316855793,-0.027541196902253894,-0.10212837986108732,-0.0718789024030849,0.0762425965452491,0.01250637960363861
-2.414905397400079,-3.4848637084825187,5.081935413324446,0.9274133022812359,-0.330683303324751,-0.3835326142828734,-1.7805056007582176,-0.30208831810732784,0.1509993295978649,-0.011459482413710297,0.08634085515955511,-0.13931770157427126,0.390852346195717,0.3474038956254208,0.5831153321169171,-0.23247317586229274,0.30190040141972685,0.000450228186780895,0.07287231660329588,0.15206132905842318,0.05252269267368694,-0.36863211475813173,-0.18370488858703893,-0.15918852849072387,-0.1764869993924939,-0.017774429858570896,-0.05652653239737905
-3.3119168244267216,-1.9508498675681538,0.08605498610120044,3.5488028403389533,-2.35624658210695,-0.9458235123326828,0.3585261719266862,1.857397858787692,0.3204847331367144,0.5627189542836526,0.34225716202023615,0.13179939356555426,-0.7995764902548685,1.7477655862829395,-0.6372141105093,0.7309626332696034,-0.19072480745573456,1.4426983970085712,1.1613151784768887,-0.2480754437566112,0.4046874265373763,0.4217227869707587,-0.9389496261019337,0.47826884610463594,-0.2109556485089611,-0.14076217760559484,-0.025804429717661947
-4.162653314197325,-2.2869494976812192,-0.8652234258245589,-1.2797575143832132,0.8975546033925845,-0.1589999199513604,-0.37281419480087286,0.4962050967171462,0.6502527624202424,0.10495651689865454,0.12120207519432778,0.3016840184164373,-0.2305390877770462,-0.026594086513904793,0.011601930211393711,-0.20442469042882497,-0.014137089068406859,-0.19786824727009866,0.030312808175873784,-0.09939803237961553,-0.033073972063648906,-0.04447090950051037,-0.039173069608351416,-0.03844913288614083,0.032055408842862974,-0.03580634581364849,-0.06637711470586471
1.721210066441223,6.773028040879212,-1.017080579597632,-0.13109210073561478,-0.11796678987100417,-1.641091843443765,-1.1645431852735582,-0.2013776771353771,-0.1525394930514476,0.12130617037664879,-0.4329847796008972,-0.6379842203538314,0.033320060545554274,-0.39205694931329277,-0.5260529361525546,-0.05401576985785521,0.08348883844905139,0.6383120010033421,-0.43017345161657555,0.42723798220390075,-0.20987830681144992,-0.01083134013786547,0.014263772287329387,0.012186260003389956,-0.15925843960006147,0.06374587615343744,0.22502746045193206
-2.756213601764909,-1.0390292195369173,-2.170697635751287,1.180653464995969,-0.8764725604084983,3.068467464603571,-1.5875018530874987,-3.6075105977697213,-1.5748792081494802,0.34901153026279896,-1.3624129336820379,0.03321950956057541,-0.1351553021075269,-0.18892307165309172,-0.14590337093390904,0.1610928470615551,-0.16520500171691943,-1.0764701333194415,0.46188379991387146,0.06968058927232304,-0.4480582506931322,0.021534239544535535,0.24872752511863594,0.3180788079347788,-0.2016418715147909,-0.34394767238857854,0.6220110144873294
-4.17619915081032,-2.03252243890566,-2.576294098195178,0.40993790362301163,-0.9293095577166037,1.204341924653906,0.6145859426400501,-0.6161875560611455,-0.6811129437967314,0.05125012737963248,-0.4022348846935597,-0.048923642145417875,0.0668402911694359,-0.17083061480282621,-0.0682411107185468,0.3193384824196154,-0.23194021842059354,-0.17547438337785745,-0.1523423890725621,0.05914793149844677,0.04892687585987644,0.015203069018119542,-0.006798804176209055,0.05805874979394887,-0.12197198093893118,0.48972242920268466,-0.19437338434337031
-4.209549190745874,-2.289549781761148,-1.0779438689076575,-1.2733185322128566,0.7433546078146221,0.019314924013020335,-0.2622972773051976,0.5204779239215468,0.7700165711123902,-0.041887626715405094,0.2731445587347631,0.3437954789467738,-0.08087450401509459,-0.09977553851097512,0.12291921423520605,-0.10822361256615476,-0.00626013843854158,-0.17994023596527003,0.08243394389476809,0.0008550117532620874,0.0022252415436536874,-0.008268082884400972,0.11684131226252481,-0.0894019337092352,-0.036221857651466884,-0.09405408676297623,0.013155831663667107
0.6550933944005104,6.50175096955773,-0.7910364789543483,-0.45689528281003666,0.2655083250455813,-1.886082431523773,-0.0810990144707888,-0.27305017707164597,0.35740354359336096,0.2595212419890544,0.4006980169862524,0.11512975288918356,-0.20264410362714194,0.1508003085826235,0.19257394601988495,-0.2267855664472543,0.3384417288311085,-0.06535249032405234,0.6702669110978642,-0.261827805640131,-0.8683837165259777,0.15334761853856216,-0.27694113748111493,0.1624846202236232,0.22488108504846901,-0.051168411610201796,-0.03593697862305018
3.014876470814499,7.570446397195662,0.415891912647651,-0.5549260566953005,0.1356086859076176,-1.2170714514453624,-0.9335192673994684,0.017823811583198793,0.010871677699062467,1.1819573255151201,-0.8753193449144735,0.14921201846802049,0.1734150099988004,0.07583674731410367,-0.28068695121213844,-0.28235124048742233,-0.5063654165811274,-0.08062428260763327,-0.044589291380781264,0.1858314485482961,0.5670003173938528,-0.05021762595767836,-0.06432109402018481,4.5158409781519485e-05,0.14229148944404144,-0.11150513407621446,0.054647897960929843
0.6856790324918286,5.864782258868372,1.5155134114864064,-0.24203348231699967,1.8335881100061837,-1.0047598206134478,-1.290763914163132,-0.5666895076069367,-0.7037207667877458,0.9308131858740277,-0.4050419327378728,-1.5392602341256336,0.2648390933364416,0.02312516056756126,0.520174099021136,0.16740187695539172,-0.42904775634826,-0.33712044018196785,-0.25007527748677055,0.1697113864803302,0.12091300008875186,0.2557953502792672,-0.01590212925540458,-0.2862587668404093,0.3100552600681212,-0.01893147087257473,0.20222104620347278
-4.126476149096379,-2.051946723734685,-2.063968721065968,-0.349961144408382,-0.4221989442984291,0.6587742413147992,0.1536863970249504,-0.013133236329333992,-0.05584398312228957,0.02920378355045839,0.019642164415892793,-0.45924674690876627,-0.11000073526360449,0.04253674164697591,-0.06867991251834475,0.25109766517019116,-0.030844222482153405,0.10852519209537377,-0.02375040023010479,-0.015834056443816354,-0.13601495427839946,-0.024519898087221378,0.0068176187888148235,-0.16972133053164473,-0.3517455796724047,0.18602404050347857,0.12017672263215132
-2.046713802724669,-3.5199402598837572,5.500922264329945,1.4797771799194988,-1.102332214806175,-0.48069047479142196,-1.7175743609174985,-0.3769684293512546,-0.03741493406790542,-0.08432070908957684,0.21785216300035912,-0.31692412559388144,0.18395646685235412,0.013445644706831204,0.6041836192486255,-0.2344037136484909,0.13292339546663137,0.09435767651325173,0.10305176355083032,0.0787416943756137,0.037582491167048517,-0.2656287872201822,-0.19226966279611576,-0.055972113183219874,-0.24526317137399173,-0.061808143582861685,0.02360129899448695
-3.6779236276083793,-0.06259498951036575,-1.199572467684903,-1.5577680301298158,0.1172533061617421,-0.24640511012278363,-0.3540717877471142,0.13796565773483158,0.4620258547134827,0.3216892985258573,0.27866726123085134,-0.3526148304774023,-0.07538400719407909,0.01988892168792592,0.05886102418977859,-0.09948915933103965,0.07054653056270914,0.1613774342761219,-0.14108895049257414,-0.0501975844770427,0.00017355311157694203,0.03403785077330402,0.0670456972335742,-0.0891282241735239,-0.06700525474441836,-0.01166453684044159,-0.10279290740160409
-3.6998727239184044,-0.5296590556623615,-0.8879902549571498,-1.758118636942285,0.2819345283604218,-0.09490504723836754,-0.4473051733218286,-0.07469589778547087,0.5108168041683805,0.33946619776255366,0.19529255167272186,-0.10855188886499292,0.019143698240247073,0.19819402742555678,0.13389758608176738,-0.12451178019268848,-0.053138271980409754,0.31947905631248547,-0.12079775897294696,-0.06783622840607406,-0.04021081225629595,0.04543812456773083,0.051124865475412146,-0.0022795650454348467,0.04949497797169478,0.06533934072734032,-0.14416198595093463
-3.952810866428775,-0.37312134070505454,-1.1248973634041588,0.5547951147216524,2.413797973535078,-1.2828079952461147,-0.1837422431482116,1.259477064337932,0.6279340576127643,0.7841389667260367,-0.7596689092767868,0.4644732571680595,-0.4068924633438375,-0.1591086900034039,-0.33049937396615536,-1.0983980559352566,0.40955641116433794,0.06131705020255337,0.412064722132252,-0.1537824605677456,-0.030273008421712863,0.22454891505280303,-0.22853741025602056,0.025968706384936507,0.325665432177898,-0.3446050705189261,0.09311270911576719
-2.108155347393064,-2.1118168603220333,4.518735976516196,-2.6218674755944438,1.8509061884317035,-0.18604102004863246,-0.42329118167336777,-1.564697109759708,0.42069191782824783,-1.0203344663884535,0.6047773055252629,0.44942756073601825,0.33217996274879613,-0.9681490977895771,-0.1075774895641399,0.20921985940235746,0.23287484846972123,0.550112492816738,0.13907720533959678,-0.45737750441151115,0.054514455074645835,-0.3180190521802288,0.20682043014717255,0.09905543789381367,-0.09710732187663866,0.2137381846095643,-0.05357792069931512
-4.283336604386185,-1.8628003015465617,-1.2458182067025971,-0.8201218259458358,0.973616547752539,-0.531607555983536,-0.1436170493911841,0.30316936692055735,0.5705924784929666,-0.2565683063443621,0.030287926414956128,0.4582149096606419,-0.11249071709820291,-0.332680400319349,0.0670001529463452,-0.1396225826107313,0.18420862605862534,-0.1248979277961791,0.3888486136327498,0.055958271399454446,0.07203189042346278,-0.11677592288920943,-0.07288393738003925,-0.025697215533837102,0.031357537047494506,-0.14320460483612277,0.07098338194202256
-4.087377300863537,-1.9749731863317148,-2.075769769601728,-0.4556524794212832,-0.2456024635586617,0.4691042042927022,-0.05461391771421874,0.20911652686166077,-0.15782789453191284,0.19317271532460387,-0.09350938591067585,-0.3506320964639351,-0.17487032799809302,0.1533356978276968,-0.2136042752919634,0.316474476893956,-0.1846883853449167,0.023772956894394327,-0.23150812444964872,0.027188043973834477,-0.3454616394675278,0.09690812200310786,-0.12071198615536463,-0.012346109975700896,-0.10568297991834522,0.10028948460267054,0.07691062848307012
13.15605452625529,-5.294768938370438,-2.241235656248922,-1.0762471371942681,-0.16660805649237131,0.042633945344513924,-0.11147931114655125,0.018235928588649863,-0.036886161359980935,-0.19636343455460328,0.053053114232949436,-0.4597116280305684,-0.20735036278151975,-0.28251193840017785,0.39912569086491173,0.24975268085657829,0.05719781487347518,0.34464440591476414,-0.42300842942151934,-0.8998524522604586,-0.07851954956880111,-0.030333895373787466,-0.3858018573900824,0.05909074857462181,-0.5764223838011386,0.132643003455863,0.14039049318498686
