0,1,2,3,4,5,6,7,8,9,10,11,12,13,14,15,16,17,18,19,20,21,22,23,24,25,26,27,28,29,30,31,32,33,34,35,36
0.9204928574400745,6.3901543800223255,-3.1915451006850737,-1.939154842911376,-0.026411327952945138,0.6422787435156105,-0.17172270994114344,0.1970732467803189,-1.0959511734862843,-0.05501977201264674,-0.10368245547067229,0.16231531961549345,0.8593818036392047,0.005358137674808167,-0.2545864902249518,-0.19001492649915497,-0.09357570209294129,0.31027086248499397,0.06091347067379027,-0.22986474132130014,0.23324428688394483,-0.34522470761144197,0.20768532331193068,-0.4558856604948829,0.08137702144625947,0.05571838250073853,0.09875709875288971,-0.19713965829409974,-0.0819019245796927,-0.16180870109435103,-0.23602788951172543,0.07146094475470932,0.14520681291549797,-0.2068675551852283,0.2902098007093213,0.25167812282556323,0.2315085757088066
13.463795072406441,-6.498017198667973,0.3645522931480371,0.999802304684794,-0.7433053647042458,0.06994698623328506,0.9689463441290148,0.6371080785671306,-1.8465562777693978,-0.5225792479946083,-0.6086032132373641,0.41800177014214684,0.7203707385348923,-0.01814952272219375,-0.7907325748497502,1.0255108330108607,-0.646799274196005,0.6823477646347227,0.528093490692046,0.16225059201780062,1.1824079660104128,0.6505073141440358,-0.020916074302433654,0.31768672227174954,-0.018222913133919993,0.284720875051948,-0.3281204813419941,0.1356936515845974,-0.35383507328671937,0.3532305139996592,0.3839960210014961,-0.07091742252825112,0.054895857250784164,-0.046713224007107715,-0.11407066222154297,-0.1149645144794042,0.0640457654843114
-0.8428099176327132,4.95716776798139,-3.4118874925695195,-1.143949230697156,-0.34713843981874826,0.27182489051507086,0.13647333391981947,-0.020655303122223773,-1.0264686736214435,0.11698344368856323,-0.08846751273426212,0.1487251920663067,0.5571952785874023,0.10480221558379288,-0.23281625270957568,-0.11329302817538398,-0.4440650454257118,0.1405159279833496,0.41806877597382164,-0.09905070795353679,0.1249110716186333,-0.34047969398154665,0.1432996049533465,-0.48847768715041284,-0.0069009555929717,-0.08525412332475615,-0.05353688083855697,0.21330159040073532,-0.08834080962784535,-0.025988707249373577,0.04386980884965608,-0.0023267173659113627,0.0970728204820712,0.03965608781601146,0.048523483285448664,-0.040082712419113764,-0.05940832350815023
-0.10091923551350315,6.360642568646548,-3.0636110296658905,-2.5149348674703536,-0.1623438114163676,0.08343400832566744,0.2907061124602407,-0.1078073031628976,-0.3021370516141942,0.09561958562237632,-0.1794888336814304,0.672004496107276,-0.15292543420651095,0.9282236318384316,-0.11574232375975924,-0.12878550929563373,-0.22359527192957357,0.25061109161317874,0.1628131651683887,-0.2910864870880685,0.36307518753292894,-0.13299533670998728,0.1631977530992163,0.20632153287472407,-0.04366544241193637,-0.37433180271453426,-0.028918761548838684,0.18433278088641236,-0.17076396298022917,-0.144257108466827,0.12246668373964714,-0.3284868603665303,-0.0059706574493852745,0.17542437386423448,0.37116113403352435,-0.23299730305586822,0.025224605381228424
-0.9075436297082249,5.013839382485848,-3.407782220059734,-1.6027860100418785,-0.15762611665894408,0.22135460778552293,-0.12425467405671797,0.08292036697942473,-0.6298540788162625,0.10543666445169544,-0.15525825370531265,0.13433590116567837,0.5292764574220687,-0.04305694368650059,-0.16425577071752512,-0.18680322146344788,-0.2885998553097859,0.17779593396680435,0.28481448625546024,-0.25236619877786626,0.24329800119707282,-0.3321023562002401,0.36258461142994064,-0.4974668164607448,-0.116104338801999,-0.10586449985890545,-0.08025017918796537,-0.12384989678930404,-0.3577402730868464,-0.29686814998665645,-0.10586389834209131,-0.12636644444213163,-0.030696178239676433,-0.0540882702762528,-0.10447633371633372,0.03551932893463437,-0.018362805939617824
-9.470822286205903,-2.721568695562034,0.15935002327251763,0.9466169122269865,0.2964648580132512,0.3184137063286807,0.48261246174140987,0.1872847630082499,0.365145768215211,-0.4335576987902963,-0.20373717085424986,-0.5135198811881068,1.3659314020214497,-0.94063788751336,0.408489214387618,0.1734732794315423,1.0816684280760203,0.7237800133435481,-1.1969895439644445,0.926601099681203,-0.7050912253763425,-0.6604023462552655,2.6597022220266684,0.8308779513118268,-0.36666025502699506,3.0079207159000445,-0.6005259530274906,-0.9159819325857517,-1.462008557288164,0.33672416018312923,-0.8950550314845591,0.03724734036338204,-0.6120692769274036,0.7394159660885467,0.26198914184231287,0.021300678581181454,0.16480833469879314
-4.859488210963839,0.7287763397237705,-2.596390908830345,-0.07663993021003208,0.19122367740655388,0.07465833312675743,-0.44260155793934564,-0.07658596784821423,0.3278600517514665,0.38995924903130597,-0.5671424391883224,0.3112956244835329,1.5344942408827564,-0.05821400346333844,1.2794927804928364,-0.3864599749733617,-0.5392956990989312,-0.041373747613854484,1.0422286031173458,0.2881238065694355,-0.28786180428652375,-1.1960445186675208,0.37199037505690147,0.11148475894170207,0.32203913746345103,0.745882022696277,0.48859454627370924,0.13505130206514993,-0.5298502595449752,-0.12954138865597795,0.7481358174159372,0.6254432749203092,1.5378545380160962,-0.7437166545951639,0.9975144527204689,0.5988968032267203,0.36279329998169135
-10.79458051557,-2.591771793508999,-0.16354017239327173,-0.7028701827662899,0.1700888260673503,-0.08120832059964266,-0.18271002523703817,0.12306510225467691,0.4977745827527213,-0.061789190638570426,0.17399858379817146,0.22407180325463094,0.3095411483772587,-0.3745975403130438,-0.0029697197372390294,0.13593081341993318,-0.07969073982152693,0.07371295065746246,-0.13763868981584942,-0.2698425794711009,0.19036718896950466,0.10411376062299087,-0.2865305667637754,0.2632642290658239,-0.2101078271002572,0.2505955307175832,-0.10724816486167034,-0.15006221025113198,0.24930505585613194,0.7699109187884665,0.21376727410177074,0.6223177078173329,0.19689642503140287,-0.4476412154568057,0.07255305503443198,-0.5449964798152989,-0.7688903821285822
-0.10491777052445223,5.78129453610064,-3.25359935489139,-1.888434067474271,-0.040287096872009515,0.3148220964443287,-0.048255863565347876,0.06400002492546394,-0.7682238224816709,0.094165841777647,-0.261522279297856,0.2942203330451945,0.4623724946247533,0.37331940863003316,-0.09966568801254372,-0.09892046034832744,-0.5391377501347921,0.1726980147905209,0.2975484737662503,-0.08845535368661325,0.5227871620015803,-0.22525993057767546,0.27711251011504384,-0.5080071242986319,0.16702795835420872,-0.19900333983526128,0.05926380708093427,-0.14670239560040238,-0.27835319108467255,-0.35291382463410387,-0.05829402202447875,-0.1069911584689189,-0.02334981249496003,0.012838382505964419,-0.05707063620947356,0.03794938080750258,0.1575094480799561
0.08631413356792611,4.762161041471903,-2.720400488834544,1.3914187600244459,-0.5099671466507542,0.0796284106488851,0.2795609818593968,0.13557741646037427,-1.8181156754283843,-0.30329900061616877,0.3135117735270434,0.1597116861481775,0.6104759646506428,0.22284024296502222,-0.5142257689200785,0.04276404199470887,-0.2525703390170278,-0.95023466088869,-0.30850646662863046,-0.315091602438113,-0.9184313240820674,-0.15787469294680592,0.48368890993516955,0.5950789058064869,-0.40817948064170884,0.0646782060628259,0.10736027184506337,0.46293668967351514,-0.0777759976505318,-1.095197796850648,-0.16319616966017536,0.6023814051926288,-0.18935949066489746,-0.19792412196753037,-0.3477690475164872,-0.126258323940248,-0.3962982818972694
0.782191586169878,7.380317228492432,-2.7810005855580355,-2.2928317942077623,0.13549547848843474,0.3836856743696676,0.1746838718265598,-0.23458467891004742,-0.3760233151362809,0.03416160280595046,-0.15359832083708713,-0.0021027025285363377,0.07413473643981122,0.07515573949675307,-0.13339160030703023,0.08574067800239199,-0.2991566414620451,-0.029800100148096725,-0.22330213587119058,-0.04728583818784893,0.2519024893721181,0.06234572903959551,0.10591620336718516,-0.009576767196597058,-0.11013673344922646,-0.09052880825893063,-0.002134682266109522,-0.1972468238121726,0.1319508618053863,0.35668657845447416,-0.21055481579461055,-0.05710601224937589,0.20433035177009912,0.12256621403305903,-0.24450030264466838,0.409521684443128,0.055067313540080445
13.001649634633933,-7.653018794762019,0.05249454164995537,-0.2950350981381966,0.09393253708293098,0.3930642103928092,-0.41633836453877515,0.10566477565878907,-0.28024587626384073,-0.3247267861799546,0.04074615220576017,-0.10875753520942516,-0.1180732988788144,-0.0269404777945787,0.09648365197216008,-0.3915683136195309,0.14596141159434228,0.2919467860480358,0.3986275514693679,0.2415179390734566,-0.3919826539898006,-0.0021564897986607046,-0.09857474113779775,-0.11373391344553765,0.332910675475241,-0.531641938476814,0.738291868795087,-0.5756323769657252,0.1553621843516314,-0.05545439985494871,-0.5380829669118306,-0.21363114912392706,-0.5179006418824427,-0.04351943914438622,0.6025637457881052,0.5804367309816134,-0.2126511903937099
12.533613857367309,-5.3436257310554955,-0.8111027402856766,0.5241377415951032,0.06806800061463386,0.14202922861801615,-0.1396407467040705,0.3032717470266689,-0.32046481978637054,-0.1330763599144908,0.05087240022298328,-0.2624417918107784,-0.1150286757124366,-0.08038430110263894,-0.0546266976481255,-0.11551601224635083,0.20163604621739953,-0.05558489809900146,-0.020843066899570495,-0.0528699353643865,-0.3405630019305234,0.052310788499452046,0.1137224892588159,-0.21121194603449295,-0.3019224493797589,0.044739727366569615,0.0906385384964358,-0.07726777487183278,0.43468369152065933,0.18010900096235472,-0.047896250709012045,0.07696609009915933,-0.3135808455192072,-0.17392198367537803,0.20130974999533455,-0.08380379159463058,-0.0431041556237404
12.463636944241774,-5.733155098074504,-0.4689205017365336,-0.06748546983710246,0.4299498972293471,-0.06919271742328537,-0.885380769724122,-0.2676063196465896,1.3473603661836335,0.11178671437012808,0.20409877524410983,-0.31462858697459223,-1.0332688993858092,0.05961764085291166,0.10934790691736873,-0.4289805541447226,0.9179219856000257,-0.5440433468434802,-0.7137780631960361,0.21163743493928333,-0.9994064340394567,0.21379798689202448,-0.3719346323371372,-0.11072215866783838,-0.05144523076261254,-0.43652913861388687,0.9699535547393462,-0.10095466515289213,-0.16841099363979167,-0.09894636890893466,-0.2845314547056683,0.2403806404648104,-0.11293530291149456,0.29964557963068117,0.470141810849409,0.3103035429672647,-0.10286674245175
2.461710493644006,7.750095579739407,1.22665468328085,-2.486047265331708,0.9494118113854585,-0.9957066219350285,-1.4774250544693464,-0.6317519798805528,1.3299842463566482,0.783024342700697,0.27660777300997,1.4441962365183139,-0.6385876158724388,-3.0413652372977924,6.001264567473836,1.217496618447219,2.1274300006693134,2.74727617160917,4.142651581532248,-1.1961177346726746,-1.5669998105435374,1.8293162286669713,-0.014710922007248828,0.2403282320656353,-1.2469782561845708,0.06261474120676924,0.21209190076295298,0.11759579093775935,-0.08454969993601635,0.0172051323459302,-0.012403559335225856,-0.38199447167336903,0.055339520748379716,0.30111147692924023,-0.23245152444240635,-0.2186401879209467,-0.035690463583285925
10.134495379887897,-2.136424094973085,-2.6509750458693686,-0.3465879364187747,0.22798064723023356,-0.05142379620298915,-0.15008273079764095,0.11287675567060262,-0.011419249994401193,-0.06445813859848076,-0.021524773610759773,-0.5019031292759946,-0.10638556425390124,-0.6252100773709091,0.12015889125410265,-0.19931972781533053,0.30390139113405307,-0.04463073337372517,-0.11635798671469126,0.0760355473518646,-0.1716137037972298,-0.46332911021063294,0.0664574393936345,-0.2772124558707183,-0.34664998086808646,0.16813089988249869,-0.4080465577968285,0.0960763403168915,0.38225831944718447,-0.1212410427569561,-0.07967694274977835,-0.029370575083320388,-0.12971143309637245,-0.19447882972827196,0.000933707479734848,-0.06958190914101575,0.056876902007316904
3.4734135368565755,7.8211059760583685,-2.465527267640455,-2.0961682830066564,-0.010782309270308432,0.49651350002556094,-0.10714626335236324,0.6381691328135254,-0.8242359736309871,0.0748141785443488,0.12953642007949,0.2686711201361419,0.5341803147818317,-0.31459726850601166,-0.6456623125381034,0.0451241175808825,-0.09672744427192331,-0.014304014443489943,0.22439129388610843,-0.1770602114939871,0.7948590545597659,0.08221463789947803,0.7494622773691795,-0.5515007856680847,-0.21094053979129446,0.04644803493838817,0.48991886427686593,-0.2898032771728229,0.11937259191856943,0.23623239899148105,-0.5046735731769566,-0.21744610842881698,0.0325703663669244,-0.1764113958187169,0.29183599759019296,0.35798599437642287,0.012362060633829669
2.3354309122501764,8.557209523367504,-2.2587189152272686,-2.7588566581983693,0.18971347511777253,0.48357813611747824,0.25855505094232495,-0.057517678728500374,-0.4663450365516987,0.0785226275067239,-0.11450862775014525,0.13787137920671783,0.03622203423222692,0.18488598471813167,-0.2846067110477451,0.2349696309630432,-0.06265533398059223,0.1048898865191833,-0.3151263858484471,0.12056511445323714,0.38628405748044514,0.07487086822722566,-0.0016343096385475486,-0.1302236469003369,-0.10025481411345394,0.08235994083306597,0.03734278984593942,-0.2855813067185863,0.23024304208872398,0.472242219910891,-0.10205783439916855,-0.16619568556219289,0.12451454624386737,0.03987716428650738,-0.06287027246290507,0.30707951965090347,0.21498076707089547
6.721374580429776,-7.767133768101974,-2.678909613880054,0.22843551875778578,-0.32081967324669236,-0.019969989365977825,-0.34060357199051494,-0.28683151261642537,0.05356563024953509,0.16349813055502546,-0.33114147996764387,-0.10389234625815658,-0.28420818488625554,0.47617241905910523,0.34335222412813937,-0.7244978905298094,-0.1845863413157895,-0.057975881267855155,0.29844426324662277,0.22841520839306456,-0.7610584488301941,-0.23944815162419525,-0.10968619340928779,-0.0689717501663275,0.541633375051959,-0.3987397271803077,0.17329134921942177,0.015398576929417901,-0.08936374191093999,-0.08358632396824815,-0.37039173107051054,-0.16084415532279306,0.2623517891486599,0.3315665748592194,-0.019540356078135646,0.1568123627777968,0.11209303387990374
-8.437522142636562,-4.670207645451848,-1.6727669231816609,-0.5473109779349564,-0.19551691662081713,-0.08493213775020976,-0.20763791097931078,-0.05854759778659882,0.09509773497353258,0.05595587286973058,-0.26374328013082765,-0.04879134475487382,0.24220172548483782,-0.08132999739862506,-0.1635646187647372,-0.16119619310540695,-0.10600777343667167,0.05608058438561437,0.07622741762151376,0.01545780494459828,-0.0474803077728404,0.15349254889666786,0.3069000568171926,0.12225277212810301,0.3166182903519279,-0.4581918923810936,0.10936386132105949,-0.11131293925484086,-0.1795529568622632,-0.16155381147455875,-0.1822725979278084,0.021324568696870647,0.03590343287161896,0.16834927207488704,-0.11213163557563871,-0.1446312326564948,0.05383605810964022
1.4320208849088476,7.859430126881526,-2.2192057721975353,-1.3559326566649093,-0.3068693263170439,-0.120760343156214,0.5927797452339413,-0.25327786484476755,-0.411664914168029,-0.018764416372765103,0.2956254520331243,0.6659391406261621,-0.47486803026291097,1.175327126726931,-0.8051271366340402,0.09962910779740669,-0.07782228788377882,-0.30446757365616256,-0.5133596384621132,-0.22552440100586002,0.19304324676740606,0.6530897867571142,0.1338466516599737,0.7513782073233438,-0.11455673449480841,-0.05575035461457497,0.17588548174404478,0.2919159204030549,-0.1613021392566939,-0.3798783668341603,-0.12227358264559562,-0.05926208257348395,-0.17379904403929958,0.11910699940077743,0.006348781082463659,-0.11731608217407223,0.07382891318373694
-2.577065801992081,5.2860536884967795,-2.4552373692897795,0.502169827060029,-0.4156795303596737,-0.21327351739750472,0.48146311093720245,-0.03520103371617498,-0.893075123612934,-0.149318415770666,0.35374522185489476,0.256127643897958,-0.06398373593863134,0.5519378822098006,-0.6258597209944639,0.22439859607340754,-0.03453834632270546,-0.7899743412817968,-0.32096234674382557,-0.7166555603293283,-0.3535473950926919,0.05329739662658711,0.4823548112383912,0.8797576668636703,-0.5896580556677822,0.01954437502089376,0.13121853689195892,0.2677206257784047,-0.15062224901955304,-0.7322329438003321,-0.09499996851091896,0.36849581434982415,-0.36704926507182234,-0.22609501578580557,-0.13883869531430518,-0.26577078758388245,-0.31678093287088277
5.175470518296927,9.047532539823267,-1.2486667965462057,-1.1408612080614366,-0.2961869778106524,0.49779849641042473,0.741376300244176,0.27147913613698593,-1.889945692194963,-0.15001226609097554,0.14166063815877616,0.18963792509679278,0.288401940048016,1.283786236867009,-0.585092297658343,0.2332466983727786,-0.3641495224361042,-0.15541869642454564,0.0923672305274465,0.4312632809620034,-0.6171256188195706,0.565314498285598,-0.1534689230943444,0.17683240507010423,-0.0782632989658294,-0.05556019083372801,0.13207573146329357,0.051729784439125404,0.16674174142190532,-0.06665197105238949,-0.10318236705766992,0.12560154962996706,-0.08934001233916988,0.022271713499461297,0.23642820739175838,0.016782003482026325,-0.008916368331192104
-11.341590650395839,-2.7704567010813657,-0.03671446631106112,-1.3641424793082206,0.18358967642674445,0.1235604696959372,-0.09665961482087784,0.14432011818841375,0.05452456241355885,-0.06402676963232294,-0.1438994626017891,-0.023986705562930893,0.5044948080461058,-0.1668443226034076,-0.09267258264863454,-0.07835983267061193,-0.049358093859645624,0.5918627393894584,0.011033349320337421,0.8804702776532807,0.26827720482151973,0.3093753307241104,-0.25867358697240644,-0.5733407622686647,0.18850305177411225,-0.034422675788446544,0.04011001144291387,-0.18102532333193244,-0.0823777745979497,0.23096054417366402,0.19675332968105552,-0.15920300051389516,-0.12012539841567345,0.06024628468402535,0.059973784880155256,-0.19544565266620878,0.12502445923442873
5.9278192094962305,2.1134009564877685,-3.1366163245942467,-1.6349455863401388,0.49782251829473784,-0.505270073029709,-0.23888836141057782,-0.9970590416297597,2.907577035089764,0.7903477652391842,0.5546744032219837,0.39174310648762584,-1.9561480435267027,0.17810391918522278,0.2367835909309609,0.1083403194444107,0.9930316382874098,-0.5674514047313053,-1.3564278089503394,-0.25989266792551236,0.08898115212885249,0.2140495849763358,-0.20084571477448937,0.49010640755232726,-0.18685199850501688,0.11694993863212894,-0.19102330275816198,0.09159637408696455,-0.5725673141843028,-0.07687560396864238,0.5184915677372905,-0.06577655755823131,0.26558743238247984,-0.1834292532706969,-0.12514869182490324,-0.12832227524074158,0.06650766988524065
11.906551975111052,-4.16056762208599,-1.4621358220622367,0.3912224501763709,0.18521683454360582,0.23941603095483477,-0.2971937257683927,0.3889606193967987,0.10493029931607456,-0.004229333725641077,0.1378371258774903,-0.3163465813770381,-0.14955040715778473,-0.5767100923133816,-0.24094954915117966,-0.20465462470236656,0.5595866981538328,-0.14829955357465774,-0.22698309222238872,0.05237443220954994,-0.3470396060870263,-0.01567480347846259,0.20559862461467965,-0.28941933485212257,-0.529296582697385,0.3218528484205925,-0.019183920872186636,-0.10573957222874511,0.33724374879978636,0.0736311547534553,-0.030881051701224627,0.09356714019530007,-0.24466499873901115,-0.22810384500644604,0.16227685347534732,-0.09208288322940489,-0.26524344951229134
7.384802854562661,-0.6140583985992879,-3.542541592478429,-1.023296906455976,0.3690957110931748,0.10015134307430751,-0.8521898111335923,0.08473627489016222,0.0903948311449605,0.19906732809508432,-0.28607852146655355,-0.7223103246914325,0.5211223418935842,-0.9102141660978509,0.8740317751270573,-0.5420991745117131,-0.19262361278908074,-0.12136063425517601,0.20913716471172247,0.06373438448937457,-0.3304298779691847,-0.9685377300670175,0.1832947425197186,-0.7705398960651664,0.2511416550578432,0.0791692701077985,-0.3523233752323186,-0.19540285637177315,0.544786147053411,0.14858943031525065,-0.2341873781621872,-0.21653489100276618,0.2863969517290118,-0.20306917432476818,-0.2299779388062571,0.5449902480965345,-0.23495238581319366
11.5925542829584,-3.0553619332721356,-1.791158546887427,0.07534549381238209,0.07849691575426748,0.07769462742123107,-0.13896519488132036,0.19888906003123685,-0.10776564745508467,-0.27426708183440623,0.09128762968808776,-0.16502018399737317,0.011715782549952147,0.027044405228178414,0.039143349228647095,-0.07631211020475787,0.1622873896506698,-0.010471000491847203,-0.143446513758868,-0.0027156006183171044,-0.44406876512427795,-0.16885617706828132,-0.08587950073406071,-0.09562115445392336,-0.2680701979256352,0.19378427210770266,0.026165373789716687,0.05601838449600405,0.21804844118797384,0.12117435485183632,0.046590100859962624,0.17480580911228616,-0.07464602728223135,-0.11288482673025552,-0.18826785659000916,0.05089062965544833,-0.17713537927643103
6.7066166871623425,7.745631794986229,-0.992291130114597,-0.7684758436391864,-0.8021930720852071,0.20787076117650677,0.9677025039965588,-0.06711586022478042,-3.191323623450748,-0.4524154603429677,0.01614879263945447,0.5398463516684027,0.9825591884502156,1.85635383041159,-0.08763608382367805,-0.08112706223937094,-0.9653689747089843,-0.07392658088799206,0.660020684802898,0.16823630222906105,-1.6461845335433427,0.11948700620818054,-0.24994595829167376,0.6310577826032819,0.15929514439320525,-0.4391521941099185,-0.10982465500104949,-0.33451912589043703,-0.34042313350825,-0.44279883083827787,0.5446404609039253,0.564248852027659,-0.22368171075888174,0.31168306807703045,0.5160682420155864,-0.11346162965078288,-0.3788431673038831
-0.7059358698545457,7.421368380565163,-2.6105980396740662,-2.2997236267150747,0.2708701970202434,0.2381027664132478,0.11719391850767696,-0.10003174018978568,0.021060085684244223,0.13341324022984447,0.036805160918624735,0.1799824189355501,-0.0989550878414781,-0.25481954204250334,-0.5844626071890804,0.1904668757224683,0.11571282933265983,-0.02533582038938542,-0.4631259908390265,-0.12097574168867653,0.5992464069605735,0.13386296883958695,0.22408607366530975,-0.2335092996403095,-0.289176206754634,-0.06191531643526396,0.06608416730294449,-0.10285164060752705,0.1929732170802693,0.2357313503950829,-0.2670841814075822,-0.028434034848610942,0.1180488056401647,-0.11147012198282058,-0.2747801439101556,0.13354947935102252,0.2444686592439911
13.262871552406523,-6.170226420888724,-0.21573577912541703,0.247968140816061,0.040168923112496424,0.30491068461997795,-0.11810892394101702,0.3164781766152387,-0.540251690802472,-0.10307625421945805,-0.10949978756382633,-0.21643730100960665,-0.10571369989115394,0.0296705807336477,-0.1235845750810125,-0.08527593870521644,0.2795139537555857,0.1877983807577549,0.17295774509060013,0.17746160830272756,-0.3036730923491223,0.08147541743972128,-0.08547879358996857,-0.07719678639759914,-0.30525574292222624,0.17000844459368658,0.2311778050746206,-0.17487032831175342,0.3573032808307197,0.15869957236967572,-0.22879054539119242,0.08394605116438103,-0.15791360347978356,-0.029347896455783076,0.2455034516939626,0.1851857542786291,-0.11115788679357885
6.616740391026839,1.3455924162742021,-3.12960036110551,-1.7570872066540555,0.614692579257933,-0.6280078042000145,-0.47336986115040325,-0.9235653411645381,3.1314554102092744,0.6893844966467583,0.549991506572552,0.17464930260971526,-1.7499232727780807,0.352852195305227,-0.04656305957064674,0.12572066395295467,1.0871887449791826,-0.3413196838372062,-1.3070291826783293,-0.2731448256870772,0.1122026797441531,0.18637075521821234,-0.22053596954321592,0.26395371776432663,0.004142427592137216,-0.05596243382283994,-0.21887035544275785,0.16858043604592626,-0.6619608676438885,0.18342199020806754,0.42064202883656826,-0.12396813202802992,0.060712505979258966,-0.0407607180082136,-0.01770001890238254,0.03851626652358364,0.23743391471953834
-0.9097310637239774,6.925438502519979,-2.7659323666331748,-2.144154161577516,0.06707809550112948,0.17254216685052248,0.19374188086222888,-0.2760340802690658,0.0013291974754753577,0.19616316042512885,-0.1900473426566876,0.11169545586773788,-0.26838153986038643,0.1647941894468701,-0.24542314703892232,0.260293117719814,-0.03125731308929065,-0.04844185274732429,-0.33755646189167887,-0.17854511206995732,0.46463783528404295,0.005567204943674131,-0.013408449199309391,0.1821167865832901,-0.025447347127865255,0.11027520067348533,0.06501670125662812,-0.041793775703514516,0.17254886480257825,0.1260959688371013,-0.09268354923325345,-0.08719890648344253,0.08060499507592742,0.09697970007186611,-0.26668162074831264,0.1406610427614143,0.05417513203310781
-10.267885146077699,-1.5559404612176357,-0.8457964385828046,-1.3009851930810672,0.15775553013073468,0.06530523528079091,-0.21079158188251876,0.06250592123465855,0.27445294787651187,0.05006847033369333,-0.0640677622838583,0.14968628147488855,0.3778142829539126,-0.11065892259268834,-0.19378445700109548,-0.17707782172905007,0.036404375232451214,0.43905524261853707,0.03189255093122273,0.5271897783714422,0.22223523196706568,0.17620002272090468,-0.1999711160527265,-0.3982981733695253,0.08385297158076924,-0.08764758648036486,-0.104137525723575,-0.23119177582365752,-0.2203576397762924,0.018766111702683476,0.32188352725359215,-0.008690992031291034,-0.14756814554961206,-0.08951206496091046,-0.03536542843803492,-0.2552129630703861,0.043443416923994366
1.4138839780741763,8.386688130249434,-2.0423448151102566,-1.8918350706789555,-0.241846570557114,0.11420646081096231,1.2216385088312676,-0.245361170213986,-0.886411135903387,-0.1462105870781501,0.09760869620472723,0.49022042320940534,-0.36147050784058216,1.8224225240731737,-0.3120464142892568,0.19071707600241558,-0.41875815214160683,-0.018704777446836133,-0.14553929805418817,0.4739469756737824,-0.3267789057769222,0.5626619539040525,-0.22708335697354273,0.49426396563032604,-0.0529484955562802,-0.3023284177304593,-0.031565580312886976,0.16787140318288238,-0.07040087475108675,0.21150703192688194,0.07820898154082445,-0.0902100510745951,-0.08626188834096177,0.3556868230871462,-0.11209050401699533,-0.10741535787864359,-0.01830136024870498
7.271230795559818,-6.1157884649068786,-2.4818542983988583,1.707787047804282,-0.978043638200327,-0.4713918171992868,0.7453105016854779,0.15093280414074564,-1.196902125272425,-0.15266851204850113,-0.5597249249772656,0.5345226931266349,0.5064477511772315,-0.08299021234596353,-0.537989702164459,0.7843222446545481,-0.6747974416417556,-0.026184917057674117,0.475140502230076,-1.0556172236280137,0.9496399311199625,0.07970222661017207,0.5364318284492892,0.8515291791469213,-0.07406585664757004,0.17360468228790893,-0.5048288943364478,0.49878314257082074,-0.4790403844791936,-0.3353693858350453,0.2098115720795823,-0.027013116826336503,0.300922228139915,-0.11159290019026101,-0.38250230323178647,-0.08316336335902186,0.04366166540586269
-5.880688902312917,-5.455222142333675,-2.6776594975566486,-0.22603029622222004,-0.2478290301013778,-0.07041150262868925,-0.3896586684051784,-0.09775363742059623,0.126884260590566,0.12453895388567318,-0.16975747701556032,-0.14964036739868294,0.18658081860594256,0.00804344891218739,-0.064164420722096,-0.4491753775829728,-0.192844203470746,-0.02458985192624288,0.21661043652119572,0.05967337452196991,-0.14404774821438437,-0.04191555476032169,0.1958756207206058,-0.13603556817838747,0.3697817218311951,-0.4455283715074277,0.06780109220930197,0.12487016815135171,-0.09825383407056311,-0.1538926325949876,-0.2636351942170185,0.019809685927981754,0.03033731319602284,0.18968010643205926,-0.2014554213539972,-0.12679821521191076,0.006031443670165781
11.669534853853872,-7.531800768767799,-0.8386733368147875,0.5532708040394092,-0.37023817352085703,0.1200941957145299,0.24755597238705282,0.15642811035509982,-0.8032797371087934,-0.19942910899496571,-0.4054965725521737,0.11295954855948506,0.027340703148176382,0.19717124482617804,-0.3305849414727433,0.09166295967433247,-0.2761983191952394,0.27846901060921886,0.34270323232730027,0.05381919461474427,0.30933225740227394,0.3434408760095033,-0.026357293921825953,0.20568257834772474,0.13414645700634897,-0.06723844252813732,0.09477740532867737,-0.06070704127684323,-0.005660628087690189,0.20265714552638064,-0.09438244214403024,-0.09119434749659239,0.006695043722436234,0.12040132799402474,-0.014426516591399444,-0.0038629354663749504,-0.0972921409831509
10.241544753664185,-2.352777379321847,-2.457691705441123,0.09533012481060987,0.16411328613284143,0.07633263198561074,0.1329376271567918,0.023621655744236247,0.09424220130440454,-0.07745247451548937,0.0869085531197088,-0.07000644328126025,0.263734828394913,-0.08590259134355754,0.3226422078715281,-0.19363115870061565,-0.0585960973209393,-0.268739078110366,-0.07347593526321441,-0.03387880274112619,-0.30227708070392456,-0.48220812322693785,-0.2777842121843263,-0.23912765577252715,-0.19519370239679595,0.4315176448792304,-0.2575374546676763,-0.0028448352411465927,0.355921099768869,-0.15499145112729434,0.23908932351946,0.04113061824045436,0.17731788389106662,-0.2993066177807148,0.02315243173550588,0.011497020573571992,0.11220455147438063
1.9459363598449875,8.938356242919834,-2.0131714995758543,-2.841672117104346,0.3818364170912394,0.5764302787614629,-0.042706501117680026,0.03387007146441665,-0.2559645063940019,0.16086202904212862,-0.019410545945867663,0.2574650927386306,-0.011529951726063553,-0.13575082104265335,-0.48019335733455615,0.09739552910333339,0.06260780175436856,0.08819129646362672,-0.2537412900293514,0.1621403212785999,0.804155870984269,0.23825976876980304,0.10170920271071482,-0.42091469855731256,-0.05218310996543954,0.10261506969042053,0.380210940296948,-0.22808593798476212,0.3297558842308892,0.48059111087949746,-0.26004757107774573,-0.05677119770638078,0.025557614227294745,0.07423973134319636,-0.1174743361189017,0.3373174995635512,0.26186527481711025
-6.702837733992515,-5.257759557081048,-2.379947474713393,-0.36465950896277655,-0.21724270735231227,-0.11046339523824908,-0.2500571234783799,-0.12208809834783577,0.1404150444102421,0.07996562607754812,-0.21751097954473592,-0.06388725896331107,0.2232039228771368,0.03718250955733793,-0.037365760538240866,-0.3876935321422635,-0.26194687731174077,0.04181531961008875,0.1570920849010939,0.06852713820034334,-0.19757726045073526,0.032726761218553724,0.2534115152604156,-0.00039565406168901723,0.3923113103913323,-0.3946042227883062,0.06204278293360724,-0.047627749289156494,-0.1657206724246864,-0.2239987128248116,-0.22581025551365605,-0.032664626569312516,0.0562587085873561,0.22729446968683611,-0.22947895623897693,-0.11574724623142763,0.07268524517003733
11.255436049344945,-7.2752384079059045,-1.0490063834242995,0.6607171962956183,-0.5940843993082604,-0.06493584189369905,0.41351695940539424,0.031750347183536726,-0.9956966574310195,-0.2780595039770407,-0.4827949110436866,0.22297075544056674,0.19133950445244943,0.18534119884653172,-0.15295895020806494,0.3089224289750726,-0.48398635715374394,0.2734653930153501,0.497101801605617,-0.052688731014153334,0.43038006153728614,0.17688172916632033,-0.02343921483923108,0.30108768976244554,0.08545307491286214,0.08345465392616247,-0.0783877625188007,-0.022444954424631458,-0.014835626957231063,0.15675588810393917,0.004462750465413112,-0.10494242704192525,0.18833284473967649,0.1190017365063894,-0.06576505945998747,0.03089239539502886,0.05912476429526903
-10.191428237004688,-2.085521885062399,-0.8394295134042447,-1.0037276647526647,-0.03276351416648948,0.06722613676504233,-0.07722002640989724,0.021556975712443513,0.09894104625124323,-0.16306405226890452,-0.019257701244116437,0.05873341314952146,0.49568773391605536,-0.28578729867231323,-0.013399018114324202,-0.07040432689556586,0.03617682461407859,0.3989391500348062,0.3117016568134105,0.6030881226772993,-0.020917166685740396,0.09067193937991908,-0.18749819799688944,-0.387333859320134,-0.0033760820902030975,-0.13170019182886558,-0.1348672217631594,-0.12141240773537554,-0.11497706375502531,0.07678829704692075,0.2758021274462547,0.03966673940136148,-0.1091354240087685,-0.017721216565874387,-0.08645174987651422,-0.2545631239443733,0.14379665030949762
10.800529893097757,-4.011567216705093,-2.1382742424848296,0.0766699065061156,0.11409332191958621,0.17756237682402543,-0.39018183357506986,0.20316898619790325,-0.1751568647820086,-0.007026444222315631,0.09124599448106993,-0.17036906207568148,0.011655256467506453,-0.5163149272044919,-0.052555329537808004,-0.13594433438271247,0.40444796555839135,-0.009738576548679226,-0.0616484154439243,-0.12624858177905848,-0.04885025258077281,-0.46644426682604756,-0.11972105994139669,-0.3442341871224156,-0.3742115441752397,0.1904430950459992,0.07474484222942841,0.021008515403789285,0.468074156851909,-0.047058923372801764,-0.03988016000671779,0.1488340593888509,-0.19212581890248803,-0.2467911392985256,-0.032890329497267404,-0.16941981645898274,-0.24796243253209885
-9.115941584642748,-1.0623004772210087,-1.4487580686172294,-0.5748046818965428,0.35063059007833747,0.2225048537279361,-0.33778795129207506,0.2549552052558569,-0.09696789097962466,0.002093948327564349,-0.15055570937383722,-0.07356837851731726,0.8086799020313051,-0.265561323292239,0.016550615340774733,-0.03606910540666926,0.014678009641803935,0.17263583775083877,0.41550586506192594,0.6054854391576053,0.07398307186054916,-0.22458239462404733,-0.1708679568857785,-0.6546360933012474,0.15572566045963723,-0.27093685104537707,-0.00692059188054972,0.1929255529176066,-0.1836767123720861,-0.0005333795443906025,0.11905303232165873,-0.10235729197907502,-0.20650896720198775,-0.38233940878437944,0.2452048503050859,-0.34152733594134027,0.1499384871524831
-8.005726731273732,-4.822917445627413,-1.8791335052085585,-0.54452008053617,-0.1720395778950321,-0.1096109966996578,-0.21607386842940304,-0.07488181629380164,0.17555807102065535,0.09742954033738963,-0.22908182570687502,-0.06865671894234768,0.21861555296185645,-0.035373495072174604,-0.08940254908452683,-0.2536991135835123,-0.17409039327103687,0.07256162872509711,0.11968008191649601,-0.007375542149470976,-0.11969798087049663,0.1858976994383041,0.28138388921314905,0.0764381488482495,0.3850148342299062,-0.4515839719716596,0.06948824837184106,-0.06280814193537473,-0.148523554594627,-0.15897887331993282,-0.22901855438302443,0.023066934662137745,0.015394823110257139,0.20392008749140514,-0.10235946080222796,-0.1282308153726569,0.005471829067307768
13.558003530142518,-6.35653577551923,0.3372341135890977,0.9444378594391213,-0.6272645694591794,0.03932061214531313,0.8098787700240495,0.5565716458432688,-1.7181316636527708,-0.5139736802445205,-0.5406268304314528,0.40201903655983595,0.5579359526785092,0.03443175191633718,-0.7251952290378108,0.9319627127110526,-0.5580089381552108,0.591862875640476,0.4424602967926141,0.10494107978691519,1.0571010366010924,0.5968966569394469,-0.02354057215291014,0.3461717923621194,-0.09319906110834064,0.2716215869144531,-0.2907512778274525,0.10259306438582694,-0.25274983898336223,0.3473130103925073,0.3968306863554004,-0.062463441039101564,0.04500500474399893,-0.056081127856708324,-0.08010718629501096,-0.08496306809496984,0.08154115748829405
-10.20032294912749,-0.854035877408207,-0.532242107560962,-0.4485803256331027,-0.07577355667548513,-0.09986936840216351,0.026843673319107045,0.11420644297584213,0.1628042857476616,-0.15125689272946097,-0.17450753422468152,0.0374391789002219,0.46309256240121566,-0.38690740004805163,-0.03963673705389409,-0.08878211523820921,0.24663378640853775,0.21191366074853313,-0.3405764004992705,-0.12011157636591359,0.1812211630335619,-0.03757617148492973,-0.1299406191899123,-0.021876909036810888,-0.43659958908891994,0.269606826405673,-0.057006128595135735,0.2957479663294158,0.26380412099958916,0.08642926756605061,-0.1194729453590764,0.038822290960727465,0.1546090329408478,-0.3870400382419499,-0.18055589029679667,0.05613190810411878,-0.09819653390420338
7.224935491336771,1.3319730912493333,-3.0667335151012862,-1.7465974859491005,0.6494932267458531,-0.40133405738858396,-0.4092255840519363,-0.6675910990890022,2.987751010663207,0.6590224567559594,0.6152486165492759,0.38672889783196385,-1.6832833270035588,0.09954551000321427,0.10341085255093999,-0.10031909203025258,1.2352347406903326,-0.4428182724767997,-1.117671918421638,-0.27143901705324036,0.24026313981589265,0.18035284229573398,-0.11910133598874156,0.14640092607819433,0.05256076666111155,0.012280900305998932,-0.1459526116176675,0.006459330910691438,-0.5672426331859772,0.29242480904944795,0.34531208134946545,0.10873476880779118,0.10744099222315526,0.02376713742816232,-0.06712097141510481,-0.4150015034298003,0.02289763127125144
4.145948591223774,9.308353789607958,-1.4375208414418106,-1.8063068729954934,-0.1835310677742698,0.28272481656410214,0.9129266377125751,0.056270984917336536,-1.268977194209409,-0.2713651238165279,0.11662106385094861,0.26710596837069717,-0.0077683400975611105,1.1281419465691296,-0.21342115609582274,0.46409521706409884,-0.44678027957848576,0.23817101462464285,-0.1376747096796947,0.6777980179043497,-0.5406946127147754,0.4294963314548174,-0.19427354083116505,0.5748340127716012,0.06686856351830195,-0.09988186499579162,-0.10368306555604982,-0.1006907555083866,0.17995012999488666,0.3940712971127545,0.14090364446625897,-0.06313948036143124,0.04197047812755239,0.2807485242057207,0.06883899285547553,0.059130324664149136,-0.14211704668477207
-10.10994386256657,-1.9365767665918532,-0.6070019435400755,-0.6721609693305481,0.2326336139519925,0.2718804725896342,-0.4964092116134012,0.12799418072837948,0.46241103670433836,-0.021542644059437045,-0.11125349191857097,0.165983483430538,0.6423448375433464,-0.4034927459583791,0.09536526104086598,0.1418711536764469,0.14289733206242683,0.3081791915337616,-0.05588695547355102,0.5409260913884689,0.26922031198630836,-0.20574227752399887,-0.5045829504956593,-0.489195355589045,0.18051468771431037,0.14480424141909154,-0.140331782173412,0.26575364765255244,0.25341261502235923,-0.2848246685121828,0.27809649799957864,-0.16752849196840552,-0.17239836920532414,-0.06211233195413904,-0.12127295049711154,-0.23101338395645454,-0.10281647884220571
-11.563820937046634,-3.1072894979712156,0.1703617121750598,-1.0760876501307561,0.04675050676762188,0.16382238924736453,-0.12063289412586915,0.2548123228130827,0.06820694727379578,-0.14199440438043778,-0.23332963463872602,-0.1361591853739585,0.42733168045160724,-0.2828632952264891,-0.2401613514169359,0.0813435394977158,0.05567060635107257,0.3553069342600549,-0.07896809872348101,1.0088712436021265,0.13170240728412225,0.39533152968768825,-0.36167585376694245,-0.42971516392221737,0.14972683434262574,-0.18281216135422504,0.15903257225183726,-0.18832704217952018,-0.032004689478038306,0.23877714853624404,0.13681912432733512,-0.027661052644078435,-0.11308084494698392,0.15848793063973357,-0.06948712903216503,-0.1267669004160122,0.11550953058220871
-3.0498341961158726,3.502447706462258,-3.339764602873835,-0.6433670899028391,-0.1671576900789768,0.31397735141093386,-0.3000401251075982,0.10273471944473117,-0.8136884882235097,0.06755540598027837,0.09888807203416611,0.11997416084271537,0.6334815110990197,-0.06461396472682651,-0.3635327770395004,-0.27584152756910413,-0.18849488350929447,-0.016524258992583682,0.1151828969599136,0.055109681676212274,0.0877353043059825,-0.4534485853995551,0.17720051072284776,-0.6846071224541292,-0.1996424937813908,0.010462387586605046,0.17987493164247456,0.35156859793770445,-0.18196622903455292,-0.3038963112246509,-0.03944409434690577,0.15613908832003726,-0.06660864731827967,-0.13993504878150098,-0.04465810497803209,-0.12057953061096481,0.058650333053998485
5.175470518296927,9.047532539823267,-1.2486667965462057,-1.1408612080614366,-0.2961869778106524,0.49779849641042473,0.741376300244176,0.27147913613698593,-1.889945692194963,-0.15001226609097554,0.14166063815877616,0.18963792509679278,0.288401940048016,1.283786236867009,-0.585092297658343,0.2332466983727786,-0.3641495224361042,-0.15541869642454564,0.0923672305274465,0.4312632809620034,-0.6171256188195706,0.565314498285598,-0.1534689230943444,0.17683240507010423,-0.0782632989658294,-0.05556019083372801,0.13207573146329357,0.051729784439125404,0.16674174142190532,-0.06665197105238949,-0.10318236705766992,0.12560154962996706,-0.08934001233916988,0.022271713499461297,0.23642820739175838,0.016782003482026325,-0.008916368331192104
-10.340938012831218,-1.6214898431256792,-0.7270659288277935,-1.389089794980181,0.4313465512332507,-0.12042601235951281,0.03696791747293762,0.07268703965110951,0.4150044322704075,0.04516483558747442,-0.34088521008574657,0.0998457748088443,0.5725446573181332,-0.11543819942535338,0.2152539022919167,-0.13153845877994869,0.018316647484241277,0.09001966682814087,0.10393954726153216,0.06280374988145677,0.3626328344024577,-0.051130570034998296,0.35494057653674144,-0.26281174371231714,0.3543646416413368,-0.3113800628629015,0.05710608111417242,-0.6796432550613922,-0.19497428326111596,0.03928541670669834,0.3567715156580866,-0.1740811423709933,0.1901289986944148,-0.23905419319904475,0.4755886364858799,-0.5552914747334714,0.4460015826414963
8.68776844585809,-1.379199690232797,-3.212622957624631,-0.7061083510838306,0.030467697827434692,-0.049595688746004285,-0.25556515456016426,-0.12137511534817169,0.05744013882540744,0.24502308724945612,-0.04876932585846058,0.15194021202667304,-0.1827902331412358,-0.352235663642034,0.21476403220120632,-0.06678220840462978,0.031819554414552906,0.08954514988188422,0.1028687369468991,-0.43045763257666475,-0.03891723486967941,-0.5692461956173089,-0.07181440838448372,-0.20491862346462805,-0.4336834716152488,0.11381132728201349,-0.5691408572863338,0.030645995272548604,0.5141607042912708,-0.28022747966200545,0.24151146251734648,-0.005742308813750735,-0.029152729737581096,-0.2032198718463259,-0.26439240214813464,-0.20196111480821816,-0.014763633833627443
1.4138839780741763,8.386688130249434,-2.0423448151102566,-1.8918350706789555,-0.241846570557114,0.11420646081096231,1.2216385088312676,-0.245361170213986,-0.886411135903387,-0.1462105870781501,0.09760869620472723,0.49022042320940534,-0.36147050784058216,1.8224225240731737,-0.3120464142892568,0.19071707600241558,-0.41875815214160683,-0.018704777446836133,-0.14553929805418817,0.4739469756737824,-0.3267789057769222,0.5626619539040525,-0.22708335697354273,0.49426396563032604,-0.0529484955562802,-0.3023284177304593,-0.031565580312886976,0.16787140318288238,-0.07040087475108675,0.21150703192688194,0.07820898154082445,-0.0902100510745951,-0.08626188834096177,0.3556868230871462,-0.11209050401699533,-0.10741535787864359,-0.01830136024870498
-2.7358419520590846,3.442906481134696,-3.3415479864825874,-0.39695260177860403,-0.24903884281333918,0.14772656183879934,-0.013630001792820673,0.1107499333145805,-1.2507366587316433,0.05618091287032323,-0.013543928575279474,-0.16510420558683986,0.6207928259271888,0.10225822023848428,0.10974272106468169,-0.27261821092708394,-0.3860204146328135,-0.207104288807891,0.24961367203786025,0.07785648607790055,-0.3569892405521218,-0.4986265453835828,0.09443182126662157,-0.36165547471113135,-0.13481973356240823,0.13352783345152336,-0.06343361570598006,0.24311649171127656,-0.04892686035997268,-0.5145255352016233,0.087405731121738,0.22375683018116863,-0.006869151828336736,-0.03610911023874948,-0.04968476147717138,-0.08857553267455087,-0.23135388445586816
0.6087875416968661,7.8596511414490156,-2.559687242489492,-2.9487075502060156,0.19196380985581254,0.41601044309829865,0.23307599397920384,-0.07404767368218892,-0.04988817870357942,0.17486124464342018,-0.22243460474046234,0.16061777990387227,-0.13932999868807452,0.11582160378916836,-0.263807132144096,0.19117159518313076,-0.1640359594571678,0.3095523772578082,-0.32490396607280936,-0.06124493468761355,0.860525925242539,0.1082117175657955,0.08124510490268694,-0.15289992029620403,-0.037377845447821315,-0.08986708114858251,-0.07699345110860364,-0.30238252507532737,0.17121450583024048,0.36652062061326307,-0.177110594396107,-0.25176976079161034,0.281911839152136,-0.00503884712259281,-0.2037621655923183,0.2806082210048383,0.36376937239680346
-7.78227676108922,-0.6642163135287563,-1.6592920512485894,-0.37366820204804885,0.30956320433731793,-0.24077277954227638,-0.473835146511602,-0.4777990199034088,0.4434538507440315,0.0544995458048058,0.26838061258200724,0.06942486349242388,0.7088965090120255,0.037823256612136674,0.48408119783003123,0.15495550221482784,-0.4172828810307346,-0.04724713388565585,0.6224318636503282,0.321416548561847,-0.1753875681135777,-0.7023590482287474,-0.5886549230405558,0.06412458748844738,0.702422434827205,0.7998007594065766,-0.0490791132812054,0.30544470804416335,-0.09317654935142688,-0.3867904163840042,1.1104951461854276,0.08578705621005063,0.10204853197657385,0.2254571883991387,0.16709403408186152,-0.21259176244610456,-0.32635761272425223
12.50271441270893,-7.476493784590609,-0.32646160586551176,0.5391652551843136,-0.4082040050959838,0.08276858646264332,0.33310295433770526,0.269949009096519,-0.8879393924215861,-0.43150003162675343,-0.4084909951707279,0.03113344033304567,0.10164325225738566,0.20288544954619336,-0.3325744383025722,0.284035607599441,-0.3465570165913221,0.3170023374435148,0.36841480908937907,0.1321208972604639,0.23694007473908377,0.34544044159058485,-0.06224772119071578,0.14967603818429562,-0.034686269338397246,-0.041799499604444734,0.1384911051045909,-0.12457054891516944,0.04096581781154829,0.260030729731533,-0.09140865083045513,-0.08613330265246694,-0.04226281898008655,0.10381212068454626,0.018383041118782376,0.03750232476776105,0.043079885074288615
4.8441719268662125,8.578746841287844,-1.6906838748951059,-1.3418008090245044,-0.16133782036810118,0.44650336995779927,0.9350924628695823,0.11397861900300492,-1.9935563582353972,-0.4150543191670506,0.04363400611971313,0.11328964037176018,0.39599189569304794,0.6378576160463804,-0.278111246045573,0.12686017739062322,-0.3433201213611149,0.0026197858516373573,-0.07690395773431447,0.47524001684651873,-0.519859569012972,0.3180220812105782,-0.02569493282977231,0.033215144616447756,-0.11237251081452147,0.07394258685748145,0.00857097552908928,0.011256650606131041,0.1945440941338495,0.03052085597028223,-0.03191541212774507,0.20841076361563127,-0.16028427750616636,-0.07792984767485511,-0.036670739565956054,-0.03218344853604296,-0.3112061026127798
-9.208712741994495,-0.30414417093005874,-0.6192112667390348,-1.6815999356328224,0.49978910081339606,0.2081172091853854,-1.391685396227214,0.16180538271191316,1.7512336118854153,0.575187480302927,-0.2011973265327187,-0.17793822886116867,0.6632077267945699,-1.390611112090132,0.22581496756097977,0.5228168726586045,-0.14785909564700778,0.49958526034867695,0.3564574149913372,-2.282800013755057,1.588944505190584,0.1813749263778634,1.8365897808531533,0.29655041769397034,1.0516107089256077,-1.2859328272269681,0.6749497883037445,-1.5099648659258997,0.09844549462727778,0.49318420963331383,0.3762247829227746,1.0223730887131621,-0.5514067500944623,0.007529958861885622,0.38527360239436526,-0.16220038439408827,-0.6337089659665505
-8.437522142636562,-4.670207645451848,-1.6727669231816609,-0.5473109779349564,-0.19551691662081713,-0.08493213775020976,-0.20763791097931078,-0.05854759778659882,0.09509773497353258,0.05595587286973058,-0.26374328013082765,-0.04879134475487382,0.24220172548483782,-0.08132999739862506,-0.1635646187647372,-0.16119619310540695,-0.10600777343667167,0.05608058438561437,0.07622741762151376,0.01545780494459828,-0.0474803077728404,0.15349254889666786,0.3069000568171926,0.12225277212810301,0.3166182903519279,-0.4581918923810936,0.10936386132105949,-0.11131293925484086,-0.1795529568622632,-0.16155381147455875,-0.1822725979278084,0.021324568696870647,0.03590343287161896,0.16834927207488704,-0.11213163557563871,-0.1446312326564948,0.05383605810964022
2.4049054921882607,7.372862098270966,-2.815920677080263,-2.3821833021572685,-0.12961222071744208,0.3032626992645927,0.08867883221680022,0.20442864209953052,-1.073038791551123,0.07029632582281004,-0.2428143874044069,0.2602387514530091,0.4578153068408933,0.04535264847102086,-0.3273269662583217,0.0676410779891373,-0.21303103604804574,0.16469229587882406,0.00020099359754943702,-0.17570334255115483,0.39099079005955545,-0.1685959019084992,0.31386273681302435,-0.28545568308857555,-0.23481998417277022,-0.004191274681742033,0.055437163661762975,-0.3376270049336661,-0.28990562650570584,-0.02898956884419529,-0.09285380523200759,-0.39679575036323933,0.05881872107533906,0.13219832397540782,0.37750906864186573,0.11047520933993173,-0.0042683153825648495
4.200563483204554,0.9972318404556952,-4.084835662745745,-0.9584589764310166,0.37508861832429213,0.3556723229328774,-0.5364196032015391,-0.09152595786508114,0.21113905151529166,0.12972566594736828,-0.22863947201321044,-0.7502253624747817,0.45353405760640003,-1.383677059695298,0.749413460742685,-0.14841090662321976,0.11364521899560037,7.955308404922201e-05,-0.14384118168644902,-0.11332234065985941,0.05770326424659039,-0.8754326965794362,0.04649450329073895,-0.8837797686000951,0.21323781266953556,0.44636657636772004,-0.80291907602397,0.03855835245835558,0.3336290890607597,-0.005065515211734151,-0.04735546139450042,-0.09577235835315644,0.11155189235636298,-0.2967929681984584,-0.41169334502362664,0.09843101849192942,-0.37848469518341116
-6.702837733992515,-5.257759557081048,-2.379947474713393,-0.36465950896277655,-0.21724270735231227,-0.11046339523824908,-0.2500571234783799,-0.12208809834783577,0.1404150444102421,0.07996562607754812,-0.21751097954473592,-0.06388725896331107,0.2232039228771368,0.03718250955733793,-0.037365760538240866,-0.3876935321422635,-0.26194687731174077,0.04181531961008875,0.1570920849010939,0.06852713820034334,-0.19757726045073526,0.032726761218553724,0.2534115152604156,-0.00039565406168901723,0.3923113103913323,-0.3946042227883062,0.06204278293360724,-0.047627749289156494,-0.1657206724246864,-0.2239987128248116,-0.22581025551365605,-0.032664626569312516,0.0562587085873561,0.22729446968683611,-0.22947895623897693,-0.11574724623142763,0.07268524517003733
11.087651084429341,-3.738588422273393,-1.5987224919120555,-0.6241193267141625,0.5423201702336631,-0.08618910759661491,-0.9896649688543291,-0.6806761429217998,2.068926418451302,0.38206754346877037,0.5775239030803881,-0.17543454682258847,-1.3919547997726265,0.014177751986995779,0.21137782285307838,-0.3830903442244834,1.0973338470484417,-0.43484514720951917,-0.7877593105615147,0.30873819206255265,-0.7409876883886021,0.10370058054702265,-0.1864039373343228,0.028927915296468543,0.4107435700034625,-0.23038866383352885,0.3596348610504783,-0.26338339926235255,-0.13448900860503732,-0.14480753793230206,-0.2346659727176832,0.1286799696382825,0.1437503211247148,-0.1443962969882941,0.2860012529280163,0.3008821233146509,-0.026751993918655986
-0.16316219197651177,-6.980175833765561,-3.5144722041239067,0.41275682800759517,-0.3661294023952973,-0.11358174115145767,-0.3640817113964221,-0.17786924934948511,0.10273104141338962,-0.006898942598160679,-0.17238079276604462,-0.16543763590695662,0.07720429407956922,0.33152124083813184,0.03926634709167576,-0.6853388578518018,-0.26933082161559896,-0.06297983394737407,0.34594086925782697,0.29284379219901513,-0.5783477875526258,-0.3245508858138069,0.08533865012859879,-0.18319485472923486,0.4480557495950769,-0.3779649384989213,0.13009875995149806,0.23655253738603949,-0.19841608962243684,-0.2572791982606714,-0.40583751014547575,-0.0019380041983973473,0.1272964462362119,0.31720603962564486,-0.26968084105181883,0.12157827938026841,0.0043649453896876245
11.669534853853872,-7.531800768767799,-0.8386733368147875,0.5532708040394092,-0.37023817352085703,0.1200941957145299,0.24755597238705282,0.15642811035509982,-0.8032797371087934,-0.19942910899496571,-0.4054965725521737,0.11295954855948506,0.027340703148176382,0.19717124482617804,-0.3305849414727433,0.09166295967433247,-0.2761983191952394,0.27846901060921886,0.34270323232730027,0.05381919461474427,0.30933225740227394,0.3434408760095033,-0.026357293921825953,0.20568257834772474,0.13414645700634897,-0.06723844252813732,0.09477740532867737,-0.06070704127684323,-0.005660628087690189,0.20265714552638064,-0.09438244214403024,-0.09119434749659239,0.006695043722436234,0.12040132799402474,-0.014426516591399444,-0.0038629354663749504,-0.0972921409831509
5.928614649521151,1.614645384681784,-3.3955340470806417,-2.175470657997516,0.5161650608805318,-0.4871108438880774,-0.402435736739563,-1.0275764847715676,2.940571178863307,0.8231280130963025,0.3204563138818593,0.3108054159713647,-1.7670498306315379,0.1299236348754939,0.3381999098918548,-0.09152962122414188,0.8801359814799088,-0.16466629678688804,-0.8436490466465372,-0.0772360124556305,0.2797857804899128,0.11804076014480813,-0.35206007543486,0.1653161943122734,0.15041635499480654,-0.18122151631116523,-0.2986210848585018,0.10290334411668464,-0.2933592947524174,0.23982047098367507,0.24629011620025518,-0.2133718695034647,-0.10682627681651183,-0.06336067541445768,-0.09389726906962986,-0.11639283212566762,-0.03397625059762721
8.29523652704585,0.3597693257766647,-2.859945622045978,-1.2877619898367851,0.5509532137835862,-0.29926973820179653,-0.44008430531256104,-0.6847260026132633,2.7586577825417344,0.5301904670105596,0.7320859765838587,0.15930204117812138,-1.514715483483929,-0.11680648265958682,0.05927783325185523,0.044812917790206575,1.0170079864023471,-0.6438984126755617,-1.153035896970025,0.0640593721615269,-0.2709774278732905,0.286639750519321,-0.33410797385223096,0.08764582900376727,0.22091118924645034,0.06731067915835853,-0.049598377935916454,0.03837735587504251,-0.35476698877076746,-0.009827890273025108,0.2584892831633362,-0.04077190707821643,-0.005555214464686972,0.00027707954167813936,-0.0863897582820532,-0.12207609573102779,0.29490647604344844
2.079832155117475,-7.189054381969648,-3.50853753145515,0.43767083169050436,-0.32461795805920235,-0.030043722250357507,-0.3390512432324969,-0.30700625191217124,0.2536636307623855,0.01447441139385866,-0.14034460168116775,-0.12112732788853825,0.05533997607933197,0.29488081988138637,0.19136448155402716,-0.67118986394782,-0.24622118340573407,0.010767762096140335,0.24781509267543889,0.19641955431361352,-0.4866150234172968,-0.20121946794151532,0.15327960680227326,-0.2358474264156778,0.2845206006502755,-0.4028166903179873,0.08131698384575789,0.18729183673613725,-0.11387217686079432,-0.31653869277498775,-0.46065939407389,-0.0905504451882031,0.14798461068689672,0.376073678150559,-0.3041728321812033,0.09139941065707857,-0.056415318821149696
5.519153679470721,5.567022025699173,2.886204312897377,2.962339573565034,0.6068851479963022,1.1856191742268338,-0.35796008550002945,4.393224854184147,-2.094650961574425,-1.7998391745622757,-0.5424086222854098,-4.413648548644443,5.831370823411769,-4.598797223225007,3.9609474935188747,1.5204540095357788,-0.6220249360854948,-3.2709579592344014,-2.6854833096166435,-0.5664834571542879,-0.18575133593302556,1.7102984982571419,-0.8663806894197582,0.1766642062086551,0.4880180172509474,-0.5993908579255295,-0.29129352476349984,0.2212688069677965,-0.41087009586131784,0.12201046682218375,-0.22449526513490148,-0.2990805324570933,0.17854186785657428,0.0967679012917837,0.21823092829140817,-0.12060665674130949,0.08804467400196005
-9.519066623946133,-0.5393816785745866,-0.5882711368309688,0.09214391454429569,-0.2158759221281219,0.034758610176970045,-0.21031848302643474,-0.044778268479707346,0.1714385762693662,0.024764420172371376,0.18952955324592524,0.055411084390384724,0.33221037628157457,-0.5313797956421283,0.0612889943050422,-0.09934387625906924,0.608545842667874,0.08687465470132699,-0.6074512211661194,-0.6462249775583299,-0.10667116856329201,-0.36642213026686177,0.3860270303912047,-0.014464118068296769,-0.6258340368506128,0.700413107800378,0.18071955933064,0.20383329854137994,0.1431481876865393,-0.2712429746569258,0.155650976324115,-0.355778086380916,0.24412615032169968,-0.44976217405858954,-0.1796925545985808,0.10147505971467555,-0.7186061594856282
-8.005726731273732,-4.822917445627413,-1.8791335052085585,-0.54452008053617,-0.1720395778950321,-0.1096109966996578,-0.21607386842940304,-0.07488181629380164,0.17555807102065535,0.09742954033738963,-0.22908182570687502,-0.06865671894234768,0.21861555296185645,-0.035373495072174604,-0.08940254908452683,-0.2536991135835123,-0.17409039327103687,0.07256162872509711,0.11968008191649601,-0.007375542149470976,-0.11969798087049663,0.1858976994383041,0.28138388921314905,0.0764381488482495,0.3850148342299062,-0.4515839719716596,0.06948824837184106,-0.06280814193537473,-0.148523554594627,-0.15897887331993282,-0.22901855438302443,0.023066934662137745,0.015394823110257139,0.20392008749140514,-0.10235946080222796,-0.1282308153726569,0.005471829067307768
-3.19648376853021,3.229459261958408,-1.7076437883976179,0.02441393859337586,-0.2314272686976413,-0.1489367644230834,-1.052641396058139,-0.5407756674648946,0.40195620081840494,1.6115935881628634,0.12610706878699526,-0.11331686327435897,1.2026994372927136,-0.33803753226875216,0.1931766632253869,-0.7058470118395694,-0.4734350312483712,-0.5256962149172979,0.35869699056031423,-1.451175784128714,-0.972229249014051,-1.2254865470713652,0.7643701997318416,1.180257551977477,1.959133668097739,0.926522858747411,1.7800734440732144,2.228863697153625,0.8061791609014771,1.4759241891541794,0.2046504095937457,-0.17196654298386516,-0.5657446730736501,0.16082278863178956,-0.2346898347448576,-0.05014287638286294,0.3871375996999402
12.50271441270893,-7.476493784590609,-0.32646160586551176,0.5391652551843136,-0.4082040050959838,0.08276858646264332,0.33310295433770526,0.269949009096519,-0.8879393924215861,-0.43150003162675343,-0.4084909951707279,0.03113344033304567,0.10164325225738566,0.20288544954619336,-0.3325744383025722,0.284035607599441,-0.3465570165913221,0.3170023374435148,0.36841480908937907,0.1321208972604639,0.23694007473908377,0.34544044159058485,-0.06224772119071578,0.14967603818429562,-0.034686269338397246,-0.041799499604444734,0.1384911051045909,-0.12457054891516944,0.04096581781154829,0.260030729731533,-0.09140865083045513,-0.08613330265246694,-0.04226281898008655,0.10381212068454626,0.018383041118782376,0.03750232476776105,0.043079885074288615
-10.956193431155052,-2.3830562249017486,-0.18521479607354768,-0.8345243059864855,0.26102111488489643,0.05308222217594649,-0.37470393758603676,0.27939470133426747,0.30367006234032906,-0.1566184096422869,0.17111087285808577,-0.02011869309254033,0.7056200804253996,-0.42494062021890955,0.006919264915930617,0.19648463467003596,0.03399820399706434,-0.06049337007083734,-0.2870079742244388,0.39634087010941826,0.4220412763033992,0.1913281269550292,0.019498977607696782,-0.19642716879352148,-0.06698050144233059,-0.1517181477043731,-0.08977077652764659,-0.1950694337643265,0.22191133032425628,0.007885903877078285,0.017069803688021433,0.2548278556539785,-0.18101842609907548,-0.11668070509399615,0.23652415225700074,-0.4615001746597499,0.30264168707092454
8.59051857993363,0.125146972424569,-3.287451068711937,-0.9367809713622366,0.28008484738437167,-0.01436292338409928,-0.06133579301961417,-0.09709242749526209,0.5277109124449492,0.1858394238252995,-0.2014962153646381,-0.09908604377418027,-0.2520256621123512,-0.675222000851066,0.2128366966159461,-0.04521008016985684,0.24829543459305284,0.07157608867479764,-0.2812818162050177,-0.2675284548609436,0.4661448309850056,-0.48819472667721603,-0.09538558475454628,-0.3765888130225447,-0.10930419760760407,0.3608031804161973,-0.4406795439527715,0.06202346582745294,0.23585339452323117,0.07659523421059466,0.03722072042957544,-0.18256610179521016,-0.19315359138376698,-0.31604791516109015,-0.20540088125836709,-0.06373351031997526,-0.07802846154927812
-7.350568490561191,-4.89849489804078,-2.16340651537823,-0.45919546480690615,-0.21419037657556397,-0.10413577909969113,-0.25092746483148815,-0.09804766315647068,0.08348767453866746,0.09819675385709148,-0.27216073853778944,-0.07519928301778969,0.286349829855989,-0.01696419331262511,-0.11915971154299865,-0.30066580102429147,-0.2733268092609046,-0.025245624571124795,0.14774046685395636,-0.01787170423929535,-0.10143121066084268,0.016254336513847778,0.23714263961211354,0.0497679398547728,0.3374783102597852,-0.45670401270225053,0.0544203031274057,-0.07744262132595031,-0.17556495677718637,-0.23163662085535033,-0.18039829318570186,0.016999955268311592,0.04671403958761011,0.16333481224812846,-0.16342214269276115,-0.07571403784969544,-0.031155643399896876
13.525944872469521,-6.431211204686185,0.42889167863894967,0.9772176742820227,-0.789687480401624,0.10438741111579629,0.9080996843931357,0.5536949420506694,-1.8200575346807928,-0.4362336887888232,-0.5798752777159422,0.4405442361195633,0.7055125769714429,0.10380676054173457,-0.7065287147565378,1.0255942970337908,-0.6728049392954443,0.6466222108111682,0.5643347193350503,0.008089681149738681,1.1595593118313603,0.6061840642418195,-0.08749942923407085,0.4339605330205683,-0.03577917294077748,0.26763998712802295,-0.20585152104171545,0.1412981652911055,-0.4398196463085674,0.33404275829176977,0.39807710980169897,0.030127998731109107,0.1484773192441572,-0.07191243056000382,-0.005966031817602392,-0.005548771664709851,0.0933328776613783
11.306380643147866,-4.077370631426157,-1.5182573006032385,0.37227195055368534,0.6119646566652408,0.5247050768537147,-0.0669690226581281,0.5796752040902264,0.033352866238404416,-0.2938782535206479,0.5176720200616178,-0.946137708169059,0.21832891101087945,-0.8782280016611892,0.11611178094622804,0.19514924017976287,0.42659678193575434,-0.4492916101861033,0.11682025193223183,-0.20537323766018278,0.36137154323792975,-0.5914101494377612,-0.39739980123947954,-0.29267209608951117,-0.7727089601691004,0.81725062354014,0.6657113226900242,-0.29078850204413353,1.5123323607821741,-0.910854786168663,0.32197329750032816,0.3774349678547547,-0.7778802826341338,0.26934420226623457,0.6349241429663477,-0.8132171133284138,1.0568483688927852
13.01855018844297,-5.514421863049835,-0.469607150440863,0.37393250517515997,0.010029421839081287,0.14787914628287346,-0.012987148322085473,0.050497959346687576,-0.26700992800717016,-0.14309023205617022,0.16704969966236605,-0.08054612904167409,-0.286776886186734,-0.01803487986922847,0.07936161591095059,-0.0208283199715264,0.09144350068495195,-0.136677702103205,-0.05764134723265546,0.09217322293558469,-0.21398051964981807,-0.049804257940022106,-0.2588594319416483,-0.12100426351762275,-0.4219589574787614,0.15706102375373177,0.1771371000089279,-0.17736520832649946,0.463608302988486,0.2019662367188651,-0.03954046851569304,0.15392805333092482,-0.1668548546654488,-0.1602774448081165,0.39015697260706644,0.09270838378205776,-0.13479107862337
-4.3497289803894965,-5.97536119491496,-3.0057209676396717,0.01173748947236386,-0.27687996044165514,-0.10944698678910328,-0.2901245562477197,-0.16478470523310643,0.07159571782197394,0.03743384411037237,-0.05199820369318514,-0.18179445482843332,0.2120876295941204,0.14357509353581266,0.054209853886170056,-0.6087308391296598,-0.2497372661587723,-0.08356342683810972,0.32027084528598593,0.04579829074109357,-0.42741163892008016,-0.15665107423313765,0.13296345972389528,-0.15412146311038993,0.37221563558231635,-0.4299435172961259,0.013194650011150222,0.11404817860614144,-0.2126582302828528,-0.21935306927226267,-0.32927417126604974,-0.07269001257387826,0.042958437864411225,0.10544785744808355,-0.2736894346095196,-0.08732854704729445,0.026253206314959865
-2.6825995893706733,-6.1311475684869094,-3.40648471228749,0.06879453361047871,-0.3709653882614662,-0.11535602851257815,-0.36013262721820966,-0.15749193951565849,0.126017103868602,0.09593639130533342,-0.05448899267548768,-0.2348716634481377,0.24294405893371393,0.08560714133981057,0.12483499991577277,-0.6444609877538372,-0.23761618084770963,-0.01949124694008102,0.26631436719802803,0.1569121816052885,-0.39748308296439927,-0.2094437529755902,0.08355120499531582,-0.2404521562841785,0.3905615179094375,-0.3810383954253745,0.06982741979364882,0.2512138617355201,-0.18032087947554165,-0.23371458899731262,-0.3295688365268282,-0.09600251713318214,0.15323147630443146,0.180669072154781,-0.36660671418407625,-0.00402778192037298,0.07492371450651908
-9.965916150481238,-1.9591007739052637,-0.23542317386957573,-0.3364649352948668,0.004162812187875453,0.5325206093808489,-0.08920276020936775,0.5032909526393858,0.9493057390494026,0.3421731586180312,0.16306890897872273,-0.7084257711196493,0.4661681756745945,-0.7405621466693766,0.2016500995613374,-0.11403112486468955,0.2862510568583996,-0.6319222100983054,-0.016992244848211047,-0.4951633002309762,0.38151594383680315,0.09580953556756154,-0.7918850335430481,0.08927635879132355,-0.14405375704543888,0.2799016915734994,-0.6672054113408604,-0.43081581618903037,0.46122836923947663,-0.4021902811359668,1.5705362103409444,0.8455147581513485,-1.012955777016031,1.371276713292918,-0.6562103911156623,1.3952921115960337,0.20020177648416432
8.879883549765204,-1.0943684347763438,-2.671996070151539,-0.9838488509095409,0.5307514852422729,-0.49956240241550015,-0.727288115497635,-0.772398840397546,2.4906780558114807,0.5563720799085154,0.5927193684364476,-0.03504367476393707,-1.4402904631857152,0.2600517061515679,0.23896248171823303,-0.45297501759846104,0.9321582357042537,-0.506834363117745,-0.9339838970794874,0.042106985836431576,-0.5973595654653847,0.08088820556342544,-0.3056387028618009,0.20417643862264023,0.2112436729262223,-0.26566171248965376,-0.0658202327956198,-0.010087765727168269,-0.5632164501708419,-0.021725601652523553,0.16238914938404597,0.025041323864510412,-0.14021937075234855,-0.10722998104118489,0.13847801081408173,-0.024164401327468582,-0.26513687982163603
8.44359162971779,-6.131209197442975,-2.1213749610567487,1.6667031703229598,-0.9119833008908294,-0.3724546505953122,0.7602784718272655,0.13427321462255248,-1.103354724105777,-0.08927336080399748,-0.43603260417089923,0.6523280712354058,0.31775529124477814,0.12552437180052387,-0.6148599830385,0.8078938815447358,-0.5451498806648903,-0.019338944468734402,0.36703390565753147,-0.9355970222626491,0.9308604986656477,0.2180810273877004,0.47474827174460965,0.8082721222806564,-0.17527920111475115,0.19901039539285098,-0.40656772445848544,0.5384887066140421,-0.48700292229928116,-0.32128085552160335,0.29787362150369756,-0.03084316572843898,0.2757587561269864,-0.12123298633050177,-0.2958993837632997,-0.08546812487925493,-0.03333383007343527
-11.140771984636634,-2.3515822199091905,-0.2164059423552686,-1.1489368906463588,0.18475998464420887,0.14306633455068793,-0.1906909278359804,0.1374420714922721,0.1506971968238206,-0.08842437855640099,-0.15332139868108793,-0.0007386718940847192,0.42949490359880443,-0.31412004041996044,-0.12811869745437157,0.05338329548641298,-0.0623953022337439,0.5102686196556395,-0.022870935442830004,0.7585665695451629,0.23945056327733946,0.13058151281521024,-0.35794287157228094,-0.4451717153778922,0.08851339523586918,-0.01825436226317631,-0.002294757182091392,-0.21113961372937734,0.1639458046193727,0.22523495720645745,0.30083422240015845,-0.05451348886051685,-0.06165587319172271,-0.05573489878832047,0.04548946279921881,-0.18851370763126954,0.07633124462445082
-1.6075970154619057,4.714785281287987,-3.218664780921722,-0.4026566142612492,-0.07790317207944522,0.6625460637172966,-0.024687420966954116,0.26629366121104614,-1.0482322773593955,0.17117134914356652,0.13962910787937594,-0.010878899010259992,0.6916473252214832,-0.21602523162771553,-0.3025701506907934,0.05266994321944938,-0.06782704077285628,0.046743009935329906,0.05468197027294913,0.03732036549634406,-0.03544291407074096,-0.29133858342984,0.3848855962522215,-0.8014803345784837,-0.28606052590577363,0.10903006239646632,-0.020016649353385804,0.2988623222989425,-0.03156269568588463,-0.5266229434484213,-0.06604465034147988,-0.0025981148339319637,-0.20274130580919947,-0.20513259227414637,-0.06528298793951415,-0.3474840392882155,0.14715820930107823
1.8856564676742908,9.392968047958187,3.7147698551899775,0.9697128984301515,1.5879793590554416,0.16925407055117825,-2.265227814756955,1.9668843961034468,2.275707171872866,-0.24663684246109782,2.488072655801273,0.34800248328386696,0.8280077294931937,-5.014611384178798,-5.231335367691658,1.5415558137638148,2.9641638219986817,-1.8654661834162405,3.3609862274166193,1.5095421596577987,0.5145027973802266,-1.2908533338794086,-1.2625190253660732,1.5206760161597552,0.728730839215914,-0.24013477273255107,-0.49171964990866035,-0.037453639411208495,-0.1871884969748411,-0.07234609666248737,-0.4936879853803853,-0.1088764519813723,0.07947150109482193,0.12673352724259612,0.159310918907222,-0.017440043034973984,-0.17394401428610606
11.255436049344945,-7.2752384079059045,-1.0490063834242995,0.6607171962956183,-0.5940843993082604,-0.06493584189369905,0.41351695940539424,0.031750347183536726,-0.9956966574310195,-0.2780595039770407,-0.4827949110436866,0.22297075544056674,0.19133950445244943,0.18534119884653172,-0.15295895020806494,0.3089224289750726,-0.48398635715374394,0.2734653930153501,0.497101801605617,-0.052688731014153334,0.43038006153728614,0.17688172916632033,-0.02343921483923108,0.30108768976244554,0.08545307491286214,0.08345465392616247,-0.0783877625188007,-0.022444954424631458,-0.014835626957231063,0.15675588810393917,0.004462750465413112,-0.10494242704192525,0.18833284473967649,0.1190017365063894,-0.06576505945998747,0.03089239539502886,0.05912476429526903
-2.4264697443975125,3.8402304904892492,-3.3999450156764697,-0.6725501907353275,-0.09549249764657623,0.2975860150127878,-0.1961664893657773,0.02039349040595187,-0.9218594986394074,0.0488771923273143,-0.014877186905679352,0.03738371827621309,0.6597782503518654,-0.025414644033316225,-0.16750156048291343,-0.1373899543245306,-0.2257867360494034,-0.27706157967053924,0.17322883271150968,0.27407340026304716,-0.39860565039151863,-0.44688054905826935,0.03180082436816453,-0.4749467984708053,-0.13959972249027885,0.21172545060169165,-0.013652316462838855,0.2679833678431188,-0.06845622456438995,-0.24909275409160428,0.09574690153371462,0.1821313811737806,0.061349889474781066,0.02441761412802361,-0.07156296487836321,0.007345348590528045,-0.09814306506567015
8.324839670390974,-2.258691794670917,-2.9079711014272203,-0.9875302862361399,0.39801484805438575,-0.4590422980942091,-0.8467823999299711,-0.5931582542709176,2.477420268810527,0.6606636243141222,0.6099618888785048,0.0801926583802006,-1.1068625547099997,0.03728894884429523,0.06565031540129082,-0.38766369227291486,1.1787112204919972,-0.41879877669908877,-0.8742231216343439,-0.052301265634140504,-0.6566039491356624,0.05316233431227524,-0.01405143258311864,-0.13635750602408453,0.11605009389379545,-0.20462977586180586,0.07591329306325964,0.14304833147503349,-0.5720084899371392,0.004919189232967698,0.17488573779947258,0.20071859540682532,0.17482052819286206,-0.06639265866301505,0.16666255141240532,-0.24208613680427,0.038751994055033545
3.233536984638737,0.8213908134797148,-4.299607367513612,-1.4924836145117384,0.4557845598131663,0.13003466841883243,-0.49888518046947433,-0.12555952807196458,0.4046722479468027,0.33583242503856864,-0.49488549655181774,-0.5946421064364455,0.2917073705470161,-1.0551802394233674,0.8399760139135948,-0.3140556816105743,-0.03082961594113369,0.0011735153164603718,-0.03459297397837641,-0.05842211812917475,0.1334901174579744,-0.8724515011908572,-0.13304138769418888,-0.7944126658754005,0.2658186034623402,0.037121021947355004,-0.651966247448412,-0.33123542272223994,0.3330294079007033,0.0637173028927803,-0.18823223301409497,-0.24384604501054846,0.3222286968930971,0.011036243965853954,-0.5780337173413723,0.27675412933254917,-0.06888304180341176
-10.624074823938978,-2.298576447617462,-0.5683731215041576,-1.0245669875478558,0.03327278188045696,0.15113556397582326,-0.11743359358721309,0.11430339543710805,0.002455061612257836,-0.2080069621032896,-0.17603648921190032,-0.06412610081032032,0.45598488570423124,-0.40674499331118374,-0.1383705394136328,-0.08388492233817964,-0.045846936173104286,0.37485661593847175,-0.06968257508038914,0.8422153033057135,0.12021332052515454,0.15057623219436383,-0.27600695504525674,-0.5036720744839571,0.0015750618153133056,-0.027138792008588153,-0.06858324595957353,-0.007988968215005818,0.05083420172713221,0.13677106262183888,0.28527905009758237,-0.00041552771226614077,-0.07507794565406634,-0.08323984727178951,-0.10663439431990734,-0.21950879299738932,0.0718819859995198
-11.835865035633576,-3.117940452817355,0.803516482291223,0.03291224909102343,-0.28747253171530923,-0.22166647883263046,0.2666481419463588,0.19591789636039672,-0.01991775739597823,-0.25685600873616043,-0.2434004841697442,-0.005978584149388122,-0.1535186451840685,0.0738664078574858,-0.32649351082974815,-0.0450452462356315,0.03651909557586408,0.09719875578401703,-0.28863263092864305,0.35954659818173995,-0.1867889748395684,0.4700755509199382,-0.41047841961248466,0.38681850323272043,-0.3635263299247695,0.018109044379229833,0.11393908919718163,0.03974604232452255,0.24884705345695252,0.19261013246153103,-0.10828512857501049,-0.13418418688340097,0.0307301185804138,-0.0741249524511676,0.026684929450546957,0.1318617509025895,-0.0874374789151102
3.570571765893037,7.618478967944007,2.4530552094995492,6.3043181055186235,0.6425183269681146,0.6093719360310794,-0.6465616551835203,0.1277411943367106,1.5018142728336088,-0.06516234467433896,0.609060353500948,-1.4771775610546072,-2.058399571921199,-0.19273569474638386,1.0575218141442824,-0.045922810663056174,-0.8165406516768359,0.05012361842211405,0.7657144460340755,0.9096692313200049,2.033939829955996,1.1632308349435054,-1.229333500020992,-1.2833475485698664,0.30110812050074465,1.0821038014593307,2.1245834346913015,0.13292691672519996,-1.1196473715521333,-0.40696970850521685,-0.3663869830534735,1.2432272535917244,0.2286604015034147,-0.14816966177343616,-0.6080044821820163,0.2415265541194636,-0.10869408634452182
-7.33388636866983,1.0020517243102511,0.03008272286474023,3.273672428741744,-0.3950414767057893,0.46799813014263064,-0.02896018473038775,-0.7428572221667779,0.8366777092986398,0.7213662300561189,-0.25345765176650825,-0.4472483600531346,-0.8115186577779105,0.16681165602141856,0.5832590437247409,-0.6230567503166627,-0.7954498437267518,0.32374937353862737,0.7519371743727056,-0.8126683834307762,0.8422117896929893,0.23907752132094087,-0.27880244000670407,-0.333516245811884,0.6601807446971135,-0.0878941129269254,-0.5188187231590013,0.829257456369811,-0.9019733955300441,-0.43227609118720867,0.3554322190544569,-1.2332187859940604,-1.4017457046356794,-0.6817921940333619,1.0090239035971866,0.7007989311793243,-0.28839576970810027
-9.929715703813349,-0.3176633614965591,0.32449193387173814,1.8400540536066068,-0.1760810184145081,-0.6449886025847995,0.21657583622045803,-0.4231910936823353,0.6594818785068467,0.08207984517018298,-0.05351751508678565,-0.02222154540746306,-0.8244025057144637,0.15333353890367785,-0.06228190943175741,-0.09750691913356185,0.1392676862480437,-0.19863630506286611,-0.44996542340812634,-0.7711903447183465,0.3179043981389202,0.1784284711397285,-0.15794142023075,0.5424653940609235,-0.5385755357532328,0.058899365682641425,-0.05629035624877286,0.02566108588470284,0.2431170257823751,0.0006306064259531674,-0.21763716308712633,-0.18226420367763446,0.11038018972365615,-0.2820646761786332,-0.09232848109482747,0.07401208652027144,-0.0333043320159882
7.124494752042258,3.294649526801969,14.98913069836064,-3.2798266254371216,-0.8270213552910073,-7.902324969580622,-3.0495176389138274,-6.257777960310131,6.945497518972485,-5.710583236355504,-3.9221887635882804,-0.584324308090719,1.1733986990516936,-0.7039028084950498,-1.895707669323093,2.4436279120663817,-4.276924157329639,-0.9522787503329088,0.4444953612614835,-0.23171773820815955,-1.0153383982614617,0.159589549907301,0.37010824942354165,-0.7057331372336468,-0.4889908433041179,0.23924794840735997,0.02906385518830268,0.008856408110019642,0.014616682142249982,-0.09316293781443624,-0.028688986835761543,-0.10097906383980103,-0.05986288177447335,0.08545876771351002,-0.008749532580119401,-0.007906158741677494,0.005937901104942134
5.366263665301638,7.787746251223689,3.808515203881001,6.7990777378280285,0.267483086710766,0.471719961043803,-1.54656326384552,0.7974887061423657,1.5611976677249988,0.1817582093407134,1.562201231452583,-0.7387614207273178,-2.2776792506604195,-0.23190604199018838,-0.831192831264923,0.5052429807280832,0.4842112066845402,0.9353999584289252,-0.10984402694085893,1.761245057576623,-0.7367147844332849,2.921208022011382,2.805097146517894,-0.3998451841119541,2.123627499250274,0.16127628927662913,-1.0617352559835282,0.17167041234533909,1.383861980299582,-0.5060884030769061,0.4106754953093836,0.10895394231423972,0.23829781877043854,-0.5001766204369413,-0.08743302368871497,0.12031253450831525,0.09631680942234594
-9.147677310862703,-1.014666032093182,0.5091093182745117,2.5499376884551683,-0.7923781315938231,-1.120922354730584,0.13759369565688123,0.19923337983044642,0.654960527362423,0.0025160625569067424,-0.15068097074630632,-0.05797470726038086,-0.8950663175715494,0.4999917780639048,0.2241255865817728,-0.13592326631488566,0.13510958431195147,-0.46345960198116964,0.4064972907849256,-1.2642852452407787,0.03517912376015492,0.05909936981265217,0.17145046225976607,1.1992626508017845,-0.19529025612463702,-0.3068695927583869,0.0458878556237996,-0.3775612423301911,0.2904694554743805,-1.2915292093783666,-0.1878666191902376,-0.38179386087332395,0.6769341214497789,0.0066138603878475866,0.13456674730718615,0.31001964857022685,0.9677968351500918
-9.89375781481001,-0.4538465725543704,0.07703372579534162,1.1551735226194715,-0.2966482896750347,-0.5432399834555707,0.20208886915892432,-0.2637022540025178,0.8275750860052481,0.2071101867495484,-0.43876069836510156,0.05823186848507875,-0.9310776919536796,-0.0101201655215368,0.1966194780096019,-0.08186451093445357,0.015048890472067422,-0.3705979222655908,-0.24693713996444827,-1.140121052003481,0.6727462584915239,0.03859715849255413,-0.06131095076070434,1.181992216894373,-0.4341850514305129,-0.10357896774978537,-0.16785374301156408,-0.3060562767983146,0.5802483695711698,-0.03739980261477491,-0.21385245708687503,-0.2790446363888074,0.35273352009790937,-0.13575544830285152,0.08790514792633838,0.26811452606612113,0.04660386767480368
6.977681578977596,-1.055363934731109,9.797827809477361,2.9970608683164377,4.967769735420005,-0.06783959810949491,0.167246593473946,3.7417355205168623,5.908189849596496,0.8146178249826991,6.365159113139353,7.696958862977315,6.639326846123723,3.9493933577865583,1.522300968129292,-0.7598538628176055,-0.6577219501553404,-0.44237241257809323,-0.16045120067159224,0.33898012793736165,0.40840589982656866,-0.22871514077598887,0.21803483831087833,-0.0805403383092205,-0.3205858171416657,-0.21428750388713114,0.0008473257088407182,-0.15344419949422405,0.17225341913179235,-0.04179220152990282,-0.1212665228821446,-0.16450232208229623,-0.08095025740693806,-0.08070730445143415,-0.242678905248641,0.12729944550830644,-0.03138699476544452
1.4945360937831866,-3.589568251142982,14.30535502010963,-3.831010300331221,4.41255815177901,-8.630673529287815,3.470947703312409,-7.729353921115996,-5.350807175875984,4.340943930490052,7.73058439513931,-5.07414797584266,1.374723876659849,0.4716058803055929,0.4093136766764056,-0.2576142411052388,1.092462204488845,0.2963356273451395,-0.11547677634963982,0.10448405683944095,0.7597937693143803,-0.0740993189425796,0.11782673052423326,0.02411312331603821,0.27409421246293486,-0.05627129948292764,-0.08043444383562315,0.08261107599807593,-0.006187321793434508,-0.17732322848148574,-0.09449664163508853,0.03338908042776345,0.09456153494364361,-0.04132337665596847,-0.02982857434128705,0.04756963418378102,-0.020848494666641848
-9.912025103884089,-0.17953571747545083,0.6674860331039729,1.7359523462633206,-0.5983306861844534,-0.5783199457721437,0.0621446803943147,-0.16961974059706314,0.9770547767505423,0.1657447649051057,-0.25930997111947635,-0.3773988580824734,-0.7366434636195305,-0.2800394229519593,-0.1494623415485512,-0.3903301420766765,-0.0052098172630817285,-0.8072000570318911,-0.48715393745781377,-1.2442934611352157,0.6680203297382474,-0.07852945631917528,0.18946856366032475,0.6149934680141131,-0.2603118132350699,-0.005587757056807974,0.21255908142922364,-0.24793969988539305,0.9211100238277822,-0.04028912323231518,-0.5023515207951851,0.2848663389122532,0.13174728353478882,-0.23498524433845097,-0.2826692469942013,-0.14649329864671157,-0.25310044153859623
-11.495497794696115,-2.733425004065206,0.7910122904567386,0.7294600529828295,-0.3957052761488269,-0.28905427145886464,0.3755102504844653,0.07704321877196464,0.17927143319038286,-0.24975274602460204,0.12074825609415116,0.024800133765189608,-0.43007125208021035,0.23850998044346125,-0.12555938521609106,-0.05349597837121184,-0.18055117787595198,0.08317394762348704,-0.3951300660783099,0.26954445760196133,-0.012637686733177056,0.4282123337822058,-0.626370138959308,0.30602952020130203,-0.3296978977544459,0.22580105576618292,-0.13059710065776892,0.017430427770570328,0.28757107466645654,0.2620500297860031,0.06667881709984508,-0.06806671800774206,-0.20450716569299512,-0.01644507487340638,0.18405472452461852,0.0890622485293058,-0.013667248019649386
-12.057300025851164,-3.7715742882555867,1.0001509094437822,-0.07281812944114141,-0.15009269583143517,-0.05898311918140203,0.13781737745515713,0.3355750728040445,-0.21339963952507063,-0.2835406456728608,-0.10429730579123396,0.043015719446314465,0.008814439606702584,0.23002529110715653,-0.4097791866333316,-0.06260477256561658,0.059942021117769195,0.2520539822534312,-0.18002868845917278,0.8568407573844642,-0.3735763813512591,0.604226245249085,-0.5393668795430588,0.22278155536585967,-0.3319092347393185,0.24498631904081702,0.22508945435690034,0.08486337720874329,0.10491904766397475,0.19960290385157303,-0.0005571576648272791,-0.11441532140923256,0.07501176093574591,-0.11485005759893008,0.061469721986946474,-0.005444198668265315,-0.18871557487546975
-6.951654030548977,1.4982354301771963,-0.11325649573261198,3.7486819372616162,-0.04420086591758621,-0.3730029774256857,-0.0565598986711619,-0.35713801632324826,0.3170868235071677,0.15849028237502377,0.365954932089566,-0.8329048813137658,-0.9725800197916664,0.46076585336491327,0.3856482606352365,-0.5476606917309691,-0.6070192338398337,0.23085252944703843,0.1432048353930158,0.0023185708520018933,0.29752912540607823,-0.35642063723074735,-0.37867935935602914,-0.8082260382197026,0.020739245350127722,-0.0011847594194961397,-0.4045662390187186,0.47500567619182066,-0.16651536919866727,-0.22133805090785175,-0.17929078313869098,-0.628015150239266,-0.6464811451616113,-0.0663698912873601,0.15373324308850417,0.266812167096641,-0.1241787605980986
-11.866591865422691,-3.1292961893646742,0.7889373377793518,0.0030110787396019608,-0.2825444954814931,-0.1649168641015954,0.27658275566164553,0.22510544832687207,0.0026267872340018372,-0.27195647119112926,-0.21607715918499018,0.0027171004571540855,-0.18672022113155853,0.11238215488003178,-0.3609850143188676,-0.02994631286155336,-0.018818660505284523,0.15230389409113881,-0.3058726236741583,0.29491230457301687,-0.1258320829312642,0.5308520655607446,-0.29885261825780984,0.42863441677049385,-0.3306668208094776,0.08742092484592129,0.06674821690566139,-0.0448884350582489,0.2305680991729553,0.13699776885591056,-0.16545156201988676,-0.16503925462961788,0.05053805964689555,-0.05282113919491513,0.11840962428173987,0.14628867146642477,-0.14388446093296167
-6.720154279248206,0.3659798461789167,-0.19700962782998044,2.760744191094976,0.27725547592976896,-0.4507471821979261,-0.2766885235515571,-0.4221822050398705,1.3681809858532243,0.39368335280772443,0.0553474454794681,-0.2177351748509168,-0.9298425766181468,0.8460155448234703,0.5754425791477975,-0.872486856414588,0.08199270907809553,-0.38943671098937516,0.8380085823951475,-0.43006475047119397,0.5091950840712152,0.05902929342398486,0.24419654235902616,-0.8625129349711342,-1.0811587843431225,-0.8584801237709704,-2.1011240564810816,1.8090387913165547,-0.057607988763616,0.9819999145876441,-0.9459620164674158,1.678444578171026,0.12012448093412137,0.514970435509363,0.8163549380050427,0.10708555531983127,0.3157262730862106
2.9293933606490112,4.701045033038283,2.0961910081224158,6.985627931481586,-0.5152028030687795,-0.4652652263914901,-0.1595976123180308,-0.2956363854950297,0.08097990710980052,0.6424226583354807,-0.5672387655127211,-2.1061099579025133,-1.9763374632397521,-0.783576650548554,2.6599840883988235,0.4082180325036825,-0.7726088859851846,-0.9814897171060429,-0.016207280490200093,3.1382302361469487,0.7024213861496187,-2.336902507064526,2.1447639174593975,0.9093566133199691,-1.8929292178576587,-1.7157470532880739,0.7628448092491064,0.07291206919338095,0.012619147436094588,0.44448554191380585,0.9147629533067867,-0.4052401449474125,0.04932518561048824,0.2157897101355746,-0.15660714904160045,0.03251030352623824,-0.11116491908600723
-11.929813391670503,-3.3282726926052177,0.9117751422844693,0.03192948227237932,-0.2761924323846898,-0.3300771450444895,0.22051314855663845,0.2807793467666232,-0.10498530597650246,-0.2772624379513337,-0.17245697577552105,0.13870259976993235,-0.1626017571342025,0.09492521302219706,-0.36491124286164206,0.11214586060129572,0.10830757584059103,0.027661076583835584,-0.34730422086648305,0.09314673388218522,-0.27424049759129165,0.5561591537957188,-0.1967945955390536,0.733633086341458,-0.4988451613353183,-0.0013696577239935004,0.2694682427107681,0.03417149545535261,0.24548874625686418,0.017666694635673857,-0.17935517081381797,-0.0374163736409428,0.08112554245494558,-0.15402058792701417,0.11544639723460237,0.15878960399402395,-0.14555887993450156
0.09256311740910583,6.393124400953843,0.38701836711422005,3.860374433131799,-0.9700567669209863,-0.6688268659098737,0.563922956852503,-1.670146794854332,-0.39258952514115597,-0.9176001858650891,-0.7004509046126148,-0.6995674928314165,-1.0419649586096675,1.6919626604169864,2.858485887942099,-0.4149635281089902,-1.5564848744595718,0.295935711325086,0.8607224511546987,0.6047614688214701,-0.8239965478382827,-1.1963506191115776,-1.5297817939083678,1.618452268311883,1.006366315712445,-0.02399730453365556,-0.9234489567605912,-1.3482131940269253,-0.2932452271083858,0.5182680455696876,-0.6330731822621349,0.6277620324471378,-0.9847439101288801,-1.3098993114147885,-0.6517748324219672,-0.1279150785501752,0.5799623828432334
-11.767582953150075,-3.4505113827972345,1.0382813848141315,-0.23838309162471952,-0.5386187903545534,-0.2564879822511774,0.27889728058605584,-0.1265984726027917,0.11594226463231277,-0.07625059469956777,-0.0212823347422752,0.03217032879565872,-0.19483658167616785,0.3321068292236469,-0.2477581481391682,0.15046025283836878,0.20848507783403283,0.1094911130653582,-0.13861797334457118,-0.08517195398062194,-0.2839879349932075,0.5352779472264795,-0.2672218319964291,0.7367565092866959,-0.5027832842878062,0.5044375911210721,0.3295662236485452,-0.07818164767131744,0.189945233263138,-0.15828818599057037,0.0938656593730608,0.35826662074551446,0.38962965609449945,-0.41058299147442057,0.37469447039661086,0.6194520225250614,-0.02654288102270641
3.435354538017112,0.7903319584795833,18.38023477976003,-6.346269589369388,-7.074175141178927,-6.690113245149395,-4.97062366363879,12.552845655124088,-1.4673074759653668,1.8923280323811664,1.2032800740771843,-0.9192897257453764,-3.294649061682657,0.48573853898954744,0.43507685220719294,-1.7020211235898446,-0.8628383011922452,0.49044940536519865,-0.24410852757209012,-0.17672868133010633,0.05330727870383753,-0.6605558773634395,0.02876074045448851,-0.03314724188350793,0.1433426433582406,0.21952641622639435,-0.1768298540960327,0.09470697823081498,-0.23022023532027625,-0.10230236758980826,0.014126315026769143,0.061614248398580346,0.0018233336440185988,0.007925413646845895,-0.05052290166791851,-0.06766595141842036,-0.002741562125901348
-6.848540087211026,-2.7074264439159474,6.4938324878302005,0.7950949718474734,3.33066145014084,-2.6983299505647445,5.29794491113528,-0.548639201806161,-6.00380498626382,-3.5093649302882164,1.1675965090290064,8.890983010133374,-5.184105854672875,-4.967836683016865,0.9426030220268622,0.8872942554971552,-0.7210351680176642,-1.426909836164961,-1.1086173101468046,-0.2539773780453184,-0.5053817187574052,-0.5255890784770045,0.17268267541841403,-0.8102951794175437,0.6297319258180787,-0.13092020014156813,0.09378656148760456,0.028145209200575505,-0.14177365332934838,0.1033834622080344,0.029407064004875805,0.14416791513210525,-0.08181128460644276,0.0320859497274002,0.04990052227778413,0.12571508976848,0.12962715783885742
-3.4160494400528703,2.8170152447440735,1.046323799211762,6.766434005723775,-0.8820180407114125,-0.4350783361416691,0.8094906776387133,0.45247915813193895,-1.149927147454144,0.07485333677138575,1.8970509721502755,-1.3784137266903758,-0.17169566372100825,1.07855843884465,-2.0843554385332492,-1.3702097869272352,-0.06507496628600995,-0.8351524791881446,0.8611051979694817,-1.7874187912164874,-1.7286932032469235,0.08591609582603799,-0.24521966781451676,-1.1453614707099353,-0.24152838629650608,-0.22566063232195543,0.06518268528492127,-0.769858695120926,-0.43766070474081553,1.0798953830864835,0.7905480053817304,-0.3035725043531179,0.42756957286666397,-0.15533931160398323,-0.07480022400643813,-0.14919811693111856,0.3928934720637025
3.2705839381954975,0.02638808755573041,17.432684609673295,0.6442415708612956,-3.8709002597144817,5.135609950412506,-2.990025528320953,-4.586715597961626,-1.559594911351916,12.196190890585385,-5.465863790777316,3.454734452517333,1.1192290207181166,-1.207214187516477,-0.7327914254529632,0.6355983379163572,-0.234888452670722,-1.1257283700421736,-0.4797250392471708,0.13890620959121835,-0.4743165091696874,0.3083626420175485,-0.1430102437033024,-0.34974969323191696,-0.25610316621399487,-0.03987563949171721,-0.10785832489245395,-0.1896720344865881,-0.13916375481690035,-0.09234290260369972,-0.10241649672514355,0.08501094601110465,-0.09394367468086662,-0.12226271073472988,-0.11225701990219905,-0.03610594430725922,0.11778495885389251
0.6801826991969502,-0.8819717521481119,13.260147602517106,-2.143031414934672,17.80885413350503,4.340623918402455,-1.6526749963644125,3.439302889625151,-1.3734746023572997,-0.36190260366063054,-5.202103298946321,-2.5493887033574394,-2.052280042718752,1.4166224637948628,-0.8194444453781062,-1.3850808449266632,-0.6813636179857936,0.33727859664113924,0.32050520086282175,-0.5418431087295559,-0.3097442871436271,-0.2106955158725048,0.13635621156896371,0.4094348861162863,-0.13033558992911667,0.023211330694827004,-0.13146208370006007,0.1602675171766137,-0.18062616272844023,-0.11778564470077191,0.10529765247693501,-0.0649554676075173,0.08730041761266971,-0.03245594309977695,-0.1542694566515148,-0.07635872147404754,0.004484700624089122
-11.40523759398272,-2.537146930415109,0.5684232587877269,0.45771304750247715,-0.2574369832954613,-0.1411062959986897,0.13888310723331404,0.08889385535531483,0.1233412300609042,-0.15256066580875097,-0.15281738933931677,0.007147457670596595,-0.18846739921948033,0.16209188730348836,-0.2595523901080675,-0.12188227650142477,-0.059548583552538614,0.13398458150637355,-0.29227277497220205,0.3303153854286519,-0.0037213708398264878,0.4417117293165792,-0.35706769773996766,0.11124486609070153,-0.31032977652425203,0.058612415883314894,-0.03936688002312174,0.08733958379168273,0.19451800445547596,0.16953721961729723,-0.08660151737351215,-0.2343587448502752,0.011839888434937634,-0.018124999996718127,0.0659244439336385,0.15877573623510252,-0.14664586194244994
0.08286830398259337,-3.0132355503655903,17.128704921058848,-4.3886614543198545,-4.689249536959736,13.322991969558949,-4.764538945381944,-4.484644972817326,-1.1811169172473603,-6.205791742676523,6.221206418859019,-0.9612379914882987,-1.528627978433581,0.18937154227412464,0.750786819433676,-0.6958485988535978,-0.4445048622153954,-0.02672491461841986,-0.10196326429917191,-0.49200093783489995,0.21922898539887536,-0.45759796981695344,0.22108511501271844,0.21203675811156208,-0.05738212741911078,-0.04531035110317572,-0.17619141141519945,0.2016981992599014,-0.14173471324833498,-0.03934448662886658,0.05065474477599041,-0.07411086147428336,0.19340177026168548,0.022111017958819756,-0.07725564346297284,-0.05266942525427931,0.04601089291584848
-11.80980155519253,-3.1633267046755504,0.8602291857254769,0.1406397467343963,-0.2535011503209124,-0.1670690513401101,0.21598534766512892,0.14937418526975427,-0.1223375913921827,-0.1587889457914659,-0.07503168778066993,0.1306983124625911,-0.10153612810194815,0.14941696961701126,-0.28031589783259103,-0.057936720045876744,0.04653032454058012,0.0822238199243182,-0.17615217112420967,0.3773701659539751,-0.14314303387859653,0.4749551325362891,-0.47164051423579095,0.3384120922258196,-0.4987439201749253,0.08056593260508016,0.161634304439507,0.16689036356889192,0.3628421977459908,0.16526354156676362,-0.13783971353155677,-0.030569142662020043,0.10591987094345937,-0.11967460209195249,0.021641798264483925,0.0894338625400187,-0.13717093047429935
6.58235574242223,7.564558257847029,11.498469683167302,3.240040324279677,-2.777937634117306,-3.6719276258504103,-1.3466865861486326,-3.1736171704008718,-2.5004514032333693,-5.793940312174309,-6.473756268529738,1.9397384821418735,3.015014438683488,1.1005136450043211,0.4496380120100532,-4.916832617140183,5.138128959370294,0.8008517364139376,-0.6478894279456655,0.11525383441345766,1.0573250152164086,-0.15414384121639824,-0.09575961536917843,0.04842980648486139,0.44293616686287907,-0.2656520344422202,0.09215323345624349,0.15374329853937543,0.07655387405957681,-0.09525135127528989,0.2161380914871811,0.03432392763117442,0.03285806827127663,0.08256582400307849,-0.07580816225018408,-0.047666956941239576,-0.03923246970030447
-0.14645690744103546,7.682311537930461,1.773758807538812,6.024105842857715,0.1593020326503403,0.023888048821669186,0.1359199883026304,0.03402384048554252,1.1069714434447713,0.35063852659435274,1.2179902861208942,-0.20808196915893695,-2.299239460121152,0.7000583012853029,-0.5111446416928724,-0.31767074287298613,-0.2590596253010662,-0.35687494026259325,0.06959367769319613,-0.7489765361099567,1.5296333391180574,0.34714802898446745,-0.08873550860058582,-0.4751656838066704,-0.6023535056544809,0.27139678754193486,0.5076539551245458,0.07213509737972312,0.07511300314671639,-0.13133258866291309,-0.5950990330383175,-0.5795547260296079,-0.47972763458697476,0.44330674090245675,0.06426132137271445,-0.5638311881942044,0.008559305733066735
2.981135996077215,0.32165904134338175,13.669668875895336,-3.397588892300427,-3.7310883392407233,4.048638894045183,16.435625673420542,2.6004183044949722,5.57032084391822,0.09238306640012389,-2.21441330057825,-2.458447590665465,-0.04898631614717741,-0.055819862643893714,0.11118501527217095,-0.13964038942186452,0.8937425721781798,-0.11426602918143047,0.8166685561884888,-0.11041019405967833,-0.26859202482937283,-0.45507474209326326,0.33207293133250326,-0.3864677438369819,0.35509367018827137,-0.13175412587199253,0.09664030664777451,0.20092467538791148,0.03963915346013544,-0.18858807206269818,-0.05779491893188169,0.0627420478163796,0.03828296443003909,-0.09146475317947211,-0.07337371234058473,-0.04550222305302434,-0.07405705785007582
-11.400778117783661,-2.684882391298215,0.6648158918383265,0.5483901980914523,-0.4740251137560475,-0.2858915755195759,0.10613875377924106,-0.01107380607316008,0.2764421296311818,-0.2351037074341352,-0.17505148079501806,-0.21130221329075216,-0.35970645685135927,0.08622654451112596,-0.13405313663957674,-0.000859305187898618,-0.008454451231366678,0.084795351960265,-0.14586822478891437,0.2879197170777823,-0.0565242390033998,0.3233327419814632,-0.381520353947178,0.3988918896403081,-0.4433665892091461,-0.01511884645709699,0.057675110431498526,-0.05200958605243525,0.22674769026646885,0.18144667621074237,-0.06622173773305084,-0.20571431096792153,-0.005021826475084673,-0.08708235550555085,0.1494747626666395,0.30326885884902705,0.048334110833802804
-2.5968818444391135,3.2476740917616547,1.4925209870171572,7.493270952618199,-0.7250328865462535,0.040632716180375006,0.413911171847008,0.9981403479077912,-1.0776428078788431,-0.03151452954353601,1.975230792969664,-1.3315021408615864,0.2308753639575995,-0.044335637681247486,-2.881475284711895,-1.4474860643038518,0.6244579542517223,-0.6543580520482425,0.6594994130448927,-1.6301358138021207,-1.7758623493192764,0.14617185819596012,0.19377204830240363,-1.1302201947736816,-0.8113489459591519,0.18336578225582745,0.029320843947499564,-0.8772051457520231,-0.441764953518631,0.5016715641683489,0.3136828409649476,-0.2821030327791322,0.16536472643866496,0.24555555625635628,-0.31878706375799387,-0.0494108219558983,-0.07389069689713146
-11.979781043517548,-3.9005301644222934,1.2840062119794462,0.3286940159968387,-0.2673836773666435,0.24820491636958625,0.16089568028802137,0.3387676117383762,-0.12823444851009172,-0.3603176922687939,0.13639743344305513,0.026596165653540615,0.189744044070359,0.054444572920257006,-0.26657464736848757,0.015431590974493307,0.14071138433502833,0.36168842592595724,-0.37818185813726135,1.33616232155035,-0.6489141606791967,0.7478254981954066,-0.7728026250293933,-0.030733810836404113,-0.3861175737017145,0.5212371958586933,0.3773728724317286,0.49075197557072936,0.1362873940718024,0.17788423637146464,0.05424892277287058,-0.21079190585432045,0.19742622211391936,0.10725056350677499,-0.15224293910715989,-0.15628916187344252,0.06676759053850624
0.771307527972013,5.880144925935316,0.502517540110422,4.069383011830816,-0.2507247236128163,0.11498074394762609,0.5018659152722746,-1.7484208980757983,0.632124700169689,1.473136337603453,-0.7763470799017789,0.2513108649068035,-2.0718166666419213,1.740438683501878,2.5060398179983956,-0.6055802200569628,-1.612877802060668,-0.7451397978120378,0.18968561115868438,-0.11440428436367289,0.8074473183784407,-0.8348093430908705,-1.1987695589303073,0.1278101843610967,1.3990501345439845,1.1620671932228483,-0.6641889528682735,-0.7514202483877084,0.8045214568130676,-0.0766132917256272,-0.17764772703844223,-0.4363369488291803,0.9954435705705933,1.2910621478345061,0.6602005666239368,-0.5527255341082833,-0.6678712413669063
-9.730108727347897,-3.523810137248206,4.5886859711595305,1.657751753640682,-0.3865516998152581,-0.24197024530768219,-1.8367311961429822,1.4925887801550628,-2.0333924879649405,-1.468119445955782,-1.5803634079463353,-0.48800204098932265,-0.6006455027320071,5.535297685963137,1.027632540647115,8.193542397898689,3.781793570386424,-0.8402867962488592,0.007663829682590759,-0.6131831324061288,-0.18591947977231482,-1.1989349251784032,0.03831655857796942,-1.1043347539013946,0.5867752456569338,-0.11665968782753638,0.12917336175806715,0.062017200498866054,0.027103983838304813,0.06926548641716801,-0.1426836525668458,-0.03954685927526114,-0.02594012957037939,-0.011241483195015722,-0.08364034111280158,0.12842804351144912,-0.018519682014464967
4.857816723379411,7.595151462593124,4.147235179405588,6.140192794969893,0.31182135943228095,0.6519827869043945,0.3083363910792625,0.4174490603996308,1.2143037494198547,0.49858592482569,0.9346389854460433,-0.3112187632290122,1.1004668134512454,-2.6036363005233767,-1.6383608363073694,2.1682977487608714,-0.7105341065126213,6.499252402988672,-2.9922289594586227,-0.7655750256169178,-0.737073306659389,-1.623497726151465,-1.0660602464829707,0.3057188375145211,0.17159046900422892,-0.8079500217214359,0.08129622498689856,0.28377725893482775,-0.044956663324103585,-0.2641129126745725,-0.11648935991181755,0.24084764437851747,0.2538273824080144,0.33235017921592136,0.15174044538020484,0.015654713502542987,0.051816016469252824
